scheme,flight,stage,feature_set,n_features,n_selected,learner,n,R2,RMSE,MAE,bias,r,MAPE,accuracy,within5cm,seconds,trained_on
repeated10fold,2025-09-30,anthesis,LiDAR_core,22,10,Ridge,128,0.5457306501419958,3.4317406910467994,2.7200632270852165,-0.003775700314848307,0.739604130077585,3.252533111470087,96.74746688852991,87.5,19.0,
repeated10fold,2025-09-30,anthesis,LiDAR_core,22,10,PLS,128,0.5378525086911623,3.461370169311529,2.7565200211184777,0.01736920101768613,0.7339733519178268,3.3007386927856026,96.6992613072144,85.15625,25.0,
repeated10fold,2025-09-30,anthesis,LiDAR_core,22,10,SVR_rbf,128,0.42089948410721445,3.874670020653495,3.0397475455053806,0.10434212350333916,0.6504514738411786,3.649767701715481,96.35023229828452,81.25,55.0,
repeated10fold,2025-09-30,anthesis,LiDAR_core,22,10,GPR,128,0.5160072788598857,3.5422333019903016,2.8064800691029173,-0.02801930936072461,0.7184442727355734,3.362774882249046,96.63722511775096,85.9375,60.0,
repeated10fold,2025-09-30,anthesis,LiDAR_core,22,10,RandomForest,128,0.41025399510387006,3.9101214804869664,3.1312975497429187,-0.0398378427313959,0.6412217859648119,3.757480033268923,96.24251996673108,79.6875,48.0,
repeated10fold,2025-09-30,anthesis,LiDAR_core,22,10,ExtraTrees,128,0.41267783054572693,3.9020779761225697,3.087907197315749,-0.02462446714222777,0.6426120306240904,3.7025375986065203,96.29746240139347,78.90625,39.0,
repeated10fold,2025-09-30,anthesis,LiDAR_core,22,10,MLP,128,-1.2517586134168246,7.640445160867722,5.569399640198209,-1.0385450565105343,0.39756332009791057,6.589679044810481,93.41032095518952,60.9375,101.0,
repeated10fold,2025-09-30,anthesis,LiDAR_core,22,10,XGBoost,128,0.42766656626931554,3.851964756535841,3.0865448236465456,-0.1740926027297972,0.6591682868218193,3.691472054519772,96.30852794548022,81.25,26.0,
repeated10fold,2025-09-30,anthesis,LiDAR_core,22,10,LightGBM,128,0.43762704832388466,3.8182992200371313,3.0770364443810023,-0.021583598649603686,0.6667025114235074,3.6903363199173636,96.30966368008264,80.46875,25.0,
repeated10fold,2025-09-30,anthesis,LiDAR_all,72,10,Ridge,128,0.4816752522555364,3.665715189423876,2.9069549677319064,0.08713484450351239,0.6952429000667173,3.47300304508022,96.52699695491978,83.59375,20.0,
repeated10fold,2025-09-30,anthesis,LiDAR_all,72,10,PLS,128,0.45586980264853516,3.7558579700126518,2.98150129453365,0.07546041338486764,0.6768524852875827,3.5640852888747214,96.43591471112528,81.25,25.0,
repeated10fold,2025-09-30,anthesis,LiDAR_all,72,10,SVR_rbf,128,0.3847329536087025,3.9938299924194807,3.121475458013678,0.09461969819265004,0.6205472339839099,3.739264509968655,96.26073549003135,78.125,57.0,
repeated10fold,2025-09-30,anthesis,LiDAR_all,72,10,GPR,128,0.4556762469800313,3.7565259194912626,2.979403595593051,0.007222545088041765,0.6751409776937651,3.5612750594386346,96.43872494056137,81.25,54.0,
repeated10fold,2025-09-30,anthesis,LiDAR_all,72,10,RandomForest,128,0.41110528719928663,3.9072983519127256,3.0814004148657594,-0.027278009317514895,0.6426408018020884,3.6794501023087975,96.32054989769121,78.90625,59.0,
repeated10fold,2025-09-30,anthesis,LiDAR_all,72,10,ExtraTrees,128,0.4176076919855687,3.8856668458292294,3.048902341979349,-0.031030710082118884,0.6463986768535602,3.6430249317082106,96.35697506829179,81.25,45.0,
repeated10fold,2025-09-30,anthesis,LiDAR_all,72,10,MLP,128,-1.983344643779672,8.794465714612075,6.368020686912182,-1.8131373544959,0.3436136692283522,7.492423327695591,92.50757667230441,52.34375,101.0,
repeated10fold,2025-09-30,anthesis,LiDAR_all,72,10,XGBoost,128,0.3505311727238537,4.103334314646293,3.140947115421295,-0.08677817583084102,0.6068614996160007,3.735616171898985,96.26438382810102,76.5625,29.0,
repeated10fold,2025-09-30,anthesis,LiDAR_all,72,10,LightGBM,128,0.35005677951229863,4.104832645688299,3.188423880827239,-0.05212870487046528,0.611948237766321,3.789810303365329,96.21018969663467,78.125,25.0,
repeated10fold,2025-09-30,anthesis,LiDAR+VNIR,44,10,Ridge,128,0.5762278393546789,3.3145452926049788,2.560482681791048,-0.00032112172782639004,0.759598616205348,3.0471408479665514,96.95285915203345,85.15625,19.0,
repeated10fold,2025-09-30,anthesis,LiDAR+VNIR,44,10,PLS,128,0.5663293873575759,3.3530323487051703,2.6022664596878764,0.009818976871983187,0.753287525145586,3.0996266897381304,96.90037331026187,85.15625,25.0,
repeated10fold,2025-09-30,anthesis,LiDAR+VNIR,44,10,SVR_rbf,128,0.5160408513108907,3.5421104452704366,2.7828182355774267,0.12009991081872196,0.7187537742127668,3.3257335007368924,96.67426649926311,83.59375,56.0,
repeated10fold,2025-09-30,anthesis,LiDAR+VNIR,44,10,GPR,128,0.5520139671725697,3.407924647608731,2.6825184600723526,-0.04221950721018486,0.7430816870841641,3.1922162713467817,96.80778372865322,85.9375,58.0,
repeated10fold,2025-09-30,anthesis,LiDAR+VNIR,44,10,RandomForest,128,0.4807877745213487,3.6688520734551626,2.928785964106849,-0.030140516882857682,0.6934174502829441,3.498690514574163,96.50130948542584,84.375,50.0,
repeated10fold,2025-09-30,anthesis,LiDAR+VNIR,44,10,ExtraTrees,128,0.4855569762405111,3.6519631588793,2.9101536805880692,-0.059070274504561704,0.6972921621448613,3.4775304087075605,96.52246959129243,84.375,40.0,
repeated10fold,2025-09-30,anthesis,LiDAR+VNIR,44,10,MLP,128,-0.4900166292542627,6.215174180547465,4.662615222957244,0.2629155422721402,0.5130338407440261,5.548463902659492,94.45153609734051,65.625,104.0,
repeated10fold,2025-09-30,anthesis,LiDAR+VNIR,44,10,XGBoost,128,0.5007924507996984,3.5974794247560844,2.9617776632308956,-0.18021888732910174,0.7112859170081675,3.5220316237863014,96.4779683762137,82.03125,27.0,
repeated10fold,2025-09-30,anthesis,LiDAR+VNIR,44,10,LightGBM,128,0.48074332255387087,3.669009123110909,2.9578753807210725,-0.07776748808690326,0.7002159953233971,3.524183953446934,96.47581604655306,82.03125,23.0,
repeated10fold,2025-09-30,anthesis,LiDAR_PCA,72,72,Ridge,128,0.49733626768303696,3.6099112293527456,2.867359474205135,0.003445575451035632,0.705290889762272,3.4297397378324894,96.57026026216751,82.8125,0.0,
repeated10fold,2025-09-30,anthesis,LiDAR_PCA,72,72,SVR_rbf,128,0.3608370768428468,4.070647853393949,3.080223094797824,0.029892250872673,0.6009813938526506,3.6929346748802216,96.30706532511978,78.125,100.0,
repeated10fold,2025-09-30,anthesis,LiDAR_PCA,72,72,GPR,128,0.48269106626149827,3.6621213893410927,2.8892786907714605,-0.06205709067307663,0.6951904773693512,3.4502056972827724,96.54979430271723,81.25,4.0,
repeated10fold,2025-09-30,anthesis,LiDAR_PCA,72,72,RandomForest,128,0.36665763974117893,4.05207070397719,3.138513489699171,-0.04191136961246933,0.6163791267103844,3.7562525342035658,96.24374746579643,79.6875,31.0,
repeated10fold,2025-09-30,anthesis,LiDAR_PCA,72,72,ExtraTrees,128,0.3843100916712452,3.995202200325754,3.091605457247084,-0.05218898398417937,0.6393280852621491,3.702273917253656,96.29772608274635,79.6875,22.0,
repeated10fold,2025-09-30,anthesis,LiDAR_PCA,72,72,MLP,128,-5.1761240894125535,12.653648119960671,8.116954268845154,0.8639643504014959,0.3468479552150017,9.542638860720476,90.45736113927953,44.53125,68.0,
repeated10fold,2025-09-30,anthesis,LiDAR_PCA,72,72,XGBoost,128,0.3640829971406767,4.060298523087722,3.1587652444839476,-0.08221652507781907,0.6072650167127465,3.770235222183496,96.2297647778165,79.6875,8.0,
repeated10fold,2025-09-30,anthesis,LiDAR_PCA,72,72,LightGBM,128,0.3427648733052453,4.127795088582503,3.227122742111711,-0.001633291153108396,0.5936610069419365,3.8553313926693784,96.14466860733062,75.0,4.0,
repeated10fold,2025-09-30,anthesis,LiDAR+VNIR_PCA,212,212,Ridge,128,0.5845745706936448,3.281740866824816,2.636394396844203,-0.008915510489595158,0.7653763574883707,3.133079532463619,96.86692046753637,89.0625,1.0,
repeated10fold,2025-09-30,anthesis,LiDAR+VNIR_PCA,212,212,SVR_rbf,128,0.443797520538715,3.797293858359798,2.9458576016503253,-0.09102704658410776,0.6664580369347725,3.501046898226523,96.49895310177348,82.03125,222.0,
repeated10fold,2025-09-30,anthesis,LiDAR+VNIR_PCA,212,212,GPR,128,0.5732446693439666,3.326191304872158,2.6832974027890772,-0.037772894209613495,0.7571752954460638,3.182165927955835,96.81783407204416,89.0625,5.0,
repeated10fold,2025-09-30,anthesis,LiDAR+VNIR_PCA,212,212,RandomForest,128,0.4221028116489003,3.8706422900414936,3.1124782729358205,-0.09639874438968521,0.6720705409549735,3.7092335304976727,96.29076646950233,80.46875,31.0,
repeated10fold,2025-09-30,anthesis,LiDAR+VNIR_PCA,212,212,ExtraTrees,128,0.4482785031651898,3.7819666904056155,3.063438384176587,-0.11877126488095435,0.6953016694235526,3.649815761861758,96.35018423813824,81.25,22.0,
repeated10fold,2025-09-30,anthesis,LiDAR+VNIR_PCA,212,212,MLP,128,-5.444872944410196,12.926023066650755,9.478294151004704,-1.7346764878592535,0.4065070223685277,11.129368429872159,88.87063157012784,32.8125,54.0,
repeated10fold,2025-09-30,anthesis,LiDAR+VNIR_PCA,212,212,XGBoost,128,0.4435462960976281,3.7981513386521275,3.0424967885017393,-0.14956165552139256,0.6669276045863322,3.6076556551672647,96.39234434483274,82.8125,18.0,
repeated10fold,2025-09-30,anthesis,LiDAR+VNIR_PCA,212,212,LightGBM,128,0.42447705497567445,3.862682997986042,3.0939180554342887,-0.10411895803974036,0.653948599763134,3.669439380088181,96.33056061991182,79.6875,12.0,
repeated10fold,2025-09-30,anthesis,LiDAR+VNIR_PCA_joint,212,212,Ridge,128,0.5908793527503625,3.256742678439676,2.6136994887157456,0.0038424257458662403,0.7693004630943558,3.1105053674043446,96.88949463259566,89.84375,1.0,
repeated10fold,2025-09-30,anthesis,LiDAR+VNIR_PCA_joint,212,212,SVR_rbf,128,0.4519801381102073,3.769258267134742,2.966575121384011,-0.10786148522997363,0.6733099720113335,3.532078260241168,96.46792173975884,83.59375,213.0,
repeated10fold,2025-09-30,anthesis,LiDAR+VNIR_PCA_joint,212,212,GPR,128,0.5843782579981321,3.2825161820281923,2.6524483476317426,-0.02964662093069148,0.7645988603677604,3.1525251146891717,96.84747488531083,89.84375,6.0,
repeated10fold,2025-09-30,anthesis,LiDAR+VNIR_PCA_joint,212,212,RandomForest,128,0.470101638482449,3.706414915598195,3.024073641106199,-0.041148867939914124,0.7125344302891844,3.608201224717237,96.39179877528277,84.375,35.0,
repeated10fold,2025-09-30,anthesis,LiDAR+VNIR_PCA_joint,212,212,ExtraTrees,128,0.47903586221894756,3.6750365333103323,3.022430898716023,-0.06114673036496898,0.715885368479491,3.603975157056322,96.39602484294367,83.59375,23.0,
repeated10fold,2025-09-30,anthesis,LiDAR+VNIR_PCA_joint,212,212,MLP,128,-5.741688067830729,13.22032323442059,9.382861054596205,-1.4992991264293978,0.4687311867929155,11.092373194338045,88.90762680566195,36.71875,37.0,
repeated10fold,2025-09-30,anthesis,LiDAR+VNIR_PCA_joint,212,212,XGBoost,128,0.5150276468478352,3.545816342438952,2.8998778462409973,-0.10602437257766717,0.7188591618858692,3.4459558082032937,96.5540441917967,82.8125,10.0,
repeated10fold,2025-09-30,anthesis,LiDAR+VNIR_PCA_joint,212,212,LightGBM,128,0.5107386781464616,3.561460965699478,2.8865330237429574,-0.05225421473974157,0.7149412172417403,3.4316412138858046,96.56835878611419,82.8125,5.0,
repeated10fold,2025-09-30,anthesis,VNIR_bands_PCA,138,138,Ridge,128,0.13253619562216512,4.742238891280265,3.8657362079347637,-0.00022950285603839937,0.36406706916280596,4.622990586825688,95.3770094131743,68.75,1.0,
repeated10fold,2025-09-30,anthesis,VNIR_bands_PCA,138,138,SVR_rbf,128,0.16767714416145385,4.645191866280286,3.795979623355,-0.028797912876901144,0.41364967402290426,4.521073864270962,95.47892613572904,71.09375,166.0,
repeated10fold,2025-09-30,anthesis,VNIR_bands_PCA,138,138,GPR,128,0.1437809977201704,4.711402169612641,3.8749111272095593,0.03341393392056102,0.3792789903881326,4.632082831304925,95.36791716869507,70.3125,8.0,
repeated10fold,2025-09-30,anthesis,VNIR_bands_PCA,138,138,RandomForest,128,0.23577553189344125,4.451108858820587,3.576667551292101,-0.013515509024114358,0.48564021274605046,4.266159626570662,95.73384037342933,71.875,30.0,
repeated10fold,2025-09-30,anthesis,VNIR_bands_PCA,138,138,ExtraTrees,128,0.22913658121455083,4.470400829092542,3.622849567296205,-0.03906317759133737,0.48210018570808894,4.322693564443812,95.67730643555619,72.65625,21.0,
repeated10fold,2025-09-30,anthesis,VNIR_bands_PCA,138,138,MLP,128,-8.087990860634214,15.349410023311224,11.800656325607585,-5.643424938171299,0.16436629416375756,13.8965055992022,86.1034944007978,24.21875,46.0,
repeated10fold,2025-09-30,anthesis,VNIR_bands_PCA,138,138,XGBoost,128,0.16074539234825747,4.664494805062588,3.778822660446167,0.017001247406005504,0.4352821508012583,4.498717049449965,95.50128295055003,71.875,6.0,
repeated10fold,2025-09-30,anthesis,VNIR_bands_PCA,138,138,LightGBM,128,0.11518986233142858,4.789418545562468,3.8412549172376274,-0.02368733637313447,0.4113436290127747,4.571314266478255,95.42868573352175,67.96875,4.0,
repeated10fold,2025-09-30,anthesis,LiDAR+VNIR_bands_PCA,210,210,Ridge,128,0.5296597113257455,3.4919163965568267,2.7637849333782816,0.007446471778629449,0.7277857983719586,3.290939658072439,96.70906034192757,88.28125,1.0,
repeated10fold,2025-09-30,anthesis,LiDAR+VNIR_bands_PCA,210,210,SVR_rbf,128,0.4537785074637267,3.763068629472179,2.9571790900896806,-0.10547506828686404,0.6741621385730614,3.509265379993594,96.4907346200064,82.8125,205.0,
repeated10fold,2025-09-30,anthesis,LiDAR+VNIR_bands_PCA,210,210,GPR,128,0.5220359317454708,3.5201029980870713,2.7952726240567616,-0.04142364040006541,0.7225669591448663,3.321378881682098,96.6786211183179,86.71875,5.0,
repeated10fold,2025-09-30,anthesis,LiDAR+VNIR_bands_PCA,210,210,RandomForest,128,0.42509458099866215,3.860610146258624,3.0741248355140622,-0.07892244654367575,0.6670470187760845,3.6713605313021604,96.32863946869784,78.90625,31.0,
repeated10fold,2025-09-30,anthesis,LiDAR+VNIR_bands_PCA,210,210,ExtraTrees,128,0.44169286246091677,3.8044715134086537,3.0566159084872995,-0.07724216963843467,0.6872300679117657,3.6511419854083087,96.34885801459168,81.25,21.0,
repeated10fold,2025-09-30,anthesis,LiDAR+VNIR_bands_PCA,210,210,MLP,128,-7.33920296788102,14.703476058120943,11.548822931099632,-0.11647838669010757,0.3349105057976955,13.578129298986946,86.42187070101305,25.78125,56.0,
repeated10fold,2025-09-30,anthesis,LiDAR+VNIR_bands_PCA,210,210,XGBoost,128,0.4533184643446738,3.764652977118462,3.016794204711914,-0.12565672397613514,0.6737776821475766,3.593398344741336,96.40660165525867,79.6875,8.0,
repeated10fold,2025-09-30,anthesis,LiDAR+VNIR_bands_PCA,210,210,LightGBM,128,0.44396350270483886,3.7967272211074996,3.0428575142908434,-0.019245144183232532,0.666771792312861,3.6252770824559675,96.37472291754403,78.125,4.0,
repeated10fold,2025-11-21,maturity,LiDAR_core,22,10,Ridge,128,0.4248845497985605,3.861315283583555,2.967413090123519,0.01662099616993462,0.6535733183871476,3.538097290640066,96.46190270935993,81.25,21.0,
repeated10fold,2025-11-21,maturity,LiDAR_core,22,10,PLS,128,0.4244863503659656,3.8626518043635056,2.9762504701160095,-0.042152900906850976,0.6519916576851407,3.5533201330679547,96.44667986693204,78.90625,24.0,
repeated10fold,2025-11-21,maturity,LiDAR_core,22,10,SVR_rbf,128,0.38432529104756064,3.9951528857636225,3.076694274789519,0.10973314323790129,0.6205573155479501,3.6723279310524366,96.32767206894756,78.125,51.0,
repeated10fold,2025-11-21,maturity,LiDAR_core,22,10,GPR,128,0.43072066297373257,3.841673544828539,2.972370777944648,-0.027244943894135676,0.6565294874930873,3.5454085148713066,96.45459148512869,81.25,50.0,
repeated10fold,2025-11-21,maturity,LiDAR_core,22,10,RandomForest,128,0.2680422628309309,4.356129173430532,3.288067795811462,-0.03796490720612511,0.5179631528387937,3.94392192074814,96.05607807925186,77.34375,46.0,
repeated10fold,2025-11-21,maturity,LiDAR_core,22,10,ExtraTrees,128,0.2520201976987595,4.403547465947713,3.2979956693578547,-0.018503587286168965,0.5021989362460482,3.9541658783526348,96.04583412164736,76.5625,39.0,
repeated10fold,2025-11-21,maturity,LiDAR_core,22,10,MLP,128,-0.9862435394884714,7.1758606329169545,5.1459608165497555,-0.20669358733662235,0.28515040785532686,6.136223771958308,93.86377622804169,64.0625,85.0,
repeated10fold,2025-11-21,maturity,LiDAR_core,22,10,XGBoost,128,0.2579181659509169,4.386151685688066,3.344971871376037,-0.03175594806671134,0.5324596654265452,4.003001772096009,95.99699822790399,78.90625,29.0,
repeated10fold,2025-11-21,maturity,LiDAR_core,22,10,LightGBM,128,0.2754481343248678,4.334035717849074,3.3190989972564706,0.00933237488687333,0.5468973532278103,3.97343222480976,96.02656777519024,78.90625,22.0,
repeated10fold,2025-11-21,maturity,LiDAR_all,72,10,Ridge,128,0.3300684275633423,4.167474675317189,3.159465258145413,0.03752339922473524,0.5746415674910098,3.7854078141836083,96.21459218581639,78.125,20.0,
repeated10fold,2025-11-21,maturity,LiDAR_all,72,10,PLS,128,0.32271526670380324,4.190283335113442,3.1948776103233865,0.06985849421636836,0.5699739541594032,3.8271824201861424,96.17281757981385,76.5625,25.0,
repeated10fold,2025-11-21,maturity,LiDAR_all,72,10,SVR_rbf,128,0.3564935749022301,4.084455702515457,3.0522368876757877,0.1657738378576048,0.5989689818553184,3.6717296535849577,96.32827034641504,78.125,52.0,
repeated10fold,2025-11-21,maturity,LiDAR_all,72,10,GPR,128,0.3154443977404251,4.212715310380398,3.2627860244566005,-0.0508721259831707,0.5627610186519761,3.9089859004999985,96.0910140995,72.65625,54.0,
repeated10fold,2025-11-21,maturity,LiDAR_all,72,10,RandomForest,128,0.27353888536648996,4.339742216991384,3.2921848883170117,-0.0455661791554991,0.5231764469793823,3.9435373830751055,96.05646261692489,74.21875,48.0,
repeated10fold,2025-11-21,maturity,LiDAR_all,72,10,ExtraTrees,128,0.2516628594245104,4.404599211031782,3.350240758679468,-0.039888426719632664,0.5017452212850594,4.016809453061147,95.98319054693886,75.0,39.0,
repeated10fold,2025-11-21,maturity,LiDAR_all,72,10,MLP,128,-1.7369071079355778,8.423406806100507,6.018834124057339,-0.617656952674314,0.21111105542325126,7.1464180463671205,92.85358195363288,54.6875,86.0,
repeated10fold,2025-11-21,maturity,LiDAR_all,72,10,XGBoost,128,0.3244425134951837,4.1849367848052115,3.250154733657837,-0.08091177940368555,0.5752294801194068,3.88485449591299,96.11514550408701,76.5625,28.0,
repeated10fold,2025-11-21,maturity,LiDAR_all,72,10,LightGBM,128,0.3189076188266087,4.202045568061402,3.2512848443864577,-0.08423940157767495,0.5705362718916385,3.8879893536862262,96.11201064631378,78.125,25.0,
repeated10fold,2025-11-21,maturity,LiDAR+VNIR,44,10,Ridge,128,0.5014861898611929,3.594978881978312,2.7954488615656357,0.05179435530758503,0.7083172932488093,3.306328040331924,96.69367195966808,84.375,19.0,
repeated10fold,2025-11-21,maturity,LiDAR+VNIR,44,10,PLS,128,0.4947435403004239,3.6192091725692266,2.811935273956115,0.056999020857067983,0.7037067936816026,3.3247791799401254,96.67522082005988,83.59375,25.0,
repeated10fold,2025-11-21,maturity,LiDAR+VNIR,44,10,SVR_rbf,128,0.4569266115350272,3.7522088863672334,2.8642470713319765,-0.08164484636260527,0.6762529784770636,3.3887579125827494,96.61124208741725,84.375,52.0,
repeated10fold,2025-11-21,maturity,LiDAR+VNIR,44,10,GPR,128,0.5063156730112112,3.5775228517039883,2.766345198231426,0.022130600318086113,0.7116065410809748,3.2718942779466875,96.72810572205331,84.375,54.0,
repeated10fold,2025-11-21,maturity,LiDAR+VNIR,44,10,RandomForest,128,0.36640710754506933,4.052872066606874,3.0448623475040666,-0.0038277373222990185,0.6069993462412724,3.6317149317453,96.36828506825469,81.25,49.0,
repeated10fold,2025-11-21,maturity,LiDAR+VNIR,44,10,ExtraTrees,128,0.3694222931442376,4.043217022437365,3.0577696650204427,0.004187234867343181,0.6104208283116165,3.642005841607787,96.35799415839222,82.03125,38.0,
repeated10fold,2025-11-21,maturity,LiDAR+VNIR,44,10,MLP,128,-3.040795045417611,10.235078032661464,7.702022583711985,-2.1701493634093287,0.19884785612190994,9.11440362101165,90.88559637898835,39.84375,81.0,
repeated10fold,2025-11-21,maturity,LiDAR+VNIR,44,10,XGBoost,128,0.3922939247378747,3.9692141928318474,3.058695554733276,-0.028963112831115856,0.632481920486382,3.622510063765415,96.37748993623458,82.8125,26.0,
repeated10fold,2025-11-21,maturity,LiDAR+VNIR,44,10,LightGBM,128,0.3934708711442544,3.965368734791851,3.073678036632284,-0.055045341047201934,0.6347761736339003,3.6386096433945454,96.36139035660545,83.59375,22.0,
repeated10fold,2025-11-21,maturity,LiDAR_PCA,72,72,Ridge,128,0.37925782660913654,4.011560744455005,3.1441510374790598,0.009777735135999444,0.616056426827891,3.7573807420267515,96.24261925797325,79.6875,0.0,
repeated10fold,2025-11-21,maturity,LiDAR_PCA,72,72,SVR_rbf,128,0.30725584651364957,4.237836343883652,3.3293521887409083,0.06251306931553635,0.5544472197945093,3.9863696206239,96.0136303793761,77.34375,97.0,
repeated10fold,2025-11-21,maturity,LiDAR_PCA,72,72,GPR,128,0.3845199129846293,3.99452137870346,3.118188610374566,0.01575217194211842,0.6201960568990543,3.724913712769859,96.27508628723014,79.6875,4.0,
repeated10fold,2025-11-21,maturity,LiDAR_PCA,72,72,RandomForest,128,0.267742873121635,4.357019967288596,3.406252040053235,-0.042041008244194655,0.5297100357308933,4.077236557659961,95.92276344234004,77.34375,31.0,
repeated10fold,2025-11-21,maturity,LiDAR_PCA,72,72,ExtraTrees,128,0.29013652923608535,4.289880165499422,3.3493523214048135,0.006863137949738918,0.5566389776885173,4.012435824491094,95.98756417550891,78.125,22.0,
repeated10fold,2025-11-21,maturity,LiDAR_PCA,72,72,MLP,128,-3.339780796487587,10.606977398651507,8.065474726609878,-0.539588593147323,0.08476176260765059,9.544865687862707,90.45513431213729,39.84375,41.0,
repeated10fold,2025-11-21,maturity,LiDAR_PCA,72,72,XGBoost,128,0.25802088569336135,4.3858481073338424,3.471236777305603,0.050063872337341664,0.5153871100762798,4.149031736829688,95.85096826317032,75.0,7.0,
repeated10fold,2025-11-21,maturity,LiDAR_PCA,72,72,LightGBM,128,0.2487885760683176,4.413049902782387,3.4715878852170183,0.06014181435556232,0.5094036581435586,4.143306703169463,95.85669329683054,73.4375,3.0,
repeated10fold,2025-11-21,maturity,LiDAR+VNIR_PCA,212,212,Ridge,128,0.5412006302644051,3.448809077224107,2.690819596142955,-0.037320037920960725,0.7361238695018042,3.1908659613264856,96.80913403867352,86.71875,1.0,
repeated10fold,2025-11-21,maturity,LiDAR+VNIR_PCA,212,212,SVR_rbf,128,0.44818664096675576,3.7822815279788693,2.927984398393523,-0.19206733415568966,0.670756858379882,3.471193870625379,96.52880612937462,86.71875,210.0,
repeated10fold,2025-11-21,maturity,LiDAR+VNIR_PCA,212,212,GPR,128,0.5182720980860813,3.5339357336597814,2.72710977622921,-0.06712566063940528,0.7200853112355876,3.2288258612180556,96.77117413878194,86.71875,5.0,
repeated10fold,2025-11-21,maturity,LiDAR+VNIR_PCA,212,212,RandomForest,128,0.28979108166183387,4.290923851018285,3.4003819625095266,-0.07240471550053451,0.5803317096712519,4.059956045599808,95.9400439544002,78.90625,31.0,
repeated10fold,2025-11-21,maturity,LiDAR+VNIR_PCA,212,212,ExtraTrees,128,0.33032880215999894,4.166664734394429,3.277845310639881,-0.044701385788693426,0.624312089638063,3.9146191613707693,96.08538083862923,78.90625,22.0,
repeated10fold,2025-11-21,maturity,LiDAR+VNIR_PCA,212,212,MLP,128,-7.535920472754983,14.875888917446431,11.439062581591102,-2.844813775673787,0.16621713221913118,13.65718578159695,86.34281421840305,26.5625,57.0,
repeated10fold,2025-11-21,maturity,LiDAR+VNIR_PCA,212,212,XGBoost,128,0.3771455487944173,4.0183802702388345,3.149164688587189,-0.0809227824211115,0.6166199175873684,3.7432541283833083,96.25674587161669,78.90625,11.0,
repeated10fold,2025-11-21,maturity,LiDAR+VNIR_PCA,212,212,LightGBM,128,0.38521994503447543,3.992249096781379,3.1230632924591832,-0.057141439816113526,0.6233922174766711,3.714335611800173,96.28566438819983,80.46875,5.0,
repeated10fold,2025-11-21,maturity,LiDAR+VNIR_PCA_joint,212,212,Ridge,128,0.549437860463204,3.4177090963207446,2.676692481133576,-0.034801599561885777,0.7417569228966975,3.1745709680989527,96.82542903190105,87.5,1.0,
repeated10fold,2025-11-21,maturity,LiDAR+VNIR_PCA_joint,212,212,SVR_rbf,128,0.44009528547517895,3.8099108083610607,2.933047406527396,-0.1957202174438124,0.6645095115778604,3.4772147743875506,96.52278522561245,85.9375,200.0,
repeated10fold,2025-11-21,maturity,LiDAR+VNIR_PCA_joint,212,212,GPR,128,0.5286305786746437,3.4957345699466025,2.7171844012382675,-0.060172706713554014,0.7272243264794768,3.2197095002662395,96.78029049973377,86.71875,5.0,
repeated10fold,2025-11-21,maturity,LiDAR+VNIR_PCA_joint,212,212,RandomForest,128,0.3717012598480246,4.035904127186655,3.1534641442897557,0.07217712468068438,0.648038478390703,3.765166342409243,96.23483365759076,81.25,32.0,
repeated10fold,2025-11-21,maturity,LiDAR+VNIR_PCA_joint,212,212,ExtraTrees,128,0.37965456375944207,4.010278578019045,3.1196904389880933,0.009210593998016048,0.6648700363814902,3.7275676560415527,96.27243234395844,79.6875,22.0,
repeated10fold,2025-11-21,maturity,LiDAR+VNIR_PCA_joint,212,212,MLP,128,-6.96319352354522,14.368167481856368,12.008444943376594,-1.6904157782136315,0.2663936142026983,14.290380488548815,85.70961951145118,21.09375,61.0,
repeated10fold,2025-11-21,maturity,LiDAR+VNIR_PCA_joint,212,212,XGBoost,128,0.4613226053672701,3.73699160360642,2.934132373332977,-0.06410194635391253,0.6850721125354109,3.4828684157131944,96.5171315842868,81.25,12.0,
repeated10fold,2025-11-21,maturity,LiDAR+VNIR_PCA_joint,212,212,LightGBM,128,0.46895360194713775,3.710427758294296,2.92514861239936,-0.09480795117783991,0.6884753649756821,3.4698786495070286,96.53012135049298,82.8125,5.0,
repeated10fold,2025-11-21,maturity,VNIR_bands_PCA,138,138,Ridge,128,0.18299299748192188,4.602254552781821,3.4587108353423335,-0.029656790082384754,0.42977465125948544,4.130351646720133,95.86964835327987,72.65625,1.0,
repeated10fold,2025-11-21,maturity,VNIR_bands_PCA,138,138,SVR_rbf,128,0.13213532992480448,4.743334488192992,3.5989246223297613,0.14040041094141475,0.3647246667906935,4.318307452737642,95.68169254726236,75.0,155.0,
repeated10fold,2025-11-21,maturity,VNIR_bands_PCA,138,138,GPR,128,0.15474495463725824,4.681140028043706,3.5640592103299786,-0.05086181296669956,0.39354892497013066,4.261700476198282,95.73829952380171,74.21875,5.0,
repeated10fold,2025-11-21,maturity,VNIR_bands_PCA,138,138,RandomForest,128,0.1321235249658107,4.743366748221913,3.657059083089291,-0.06474450670148313,0.3696091822687877,4.370897385528094,95.6291026144719,71.875,30.0,
repeated10fold,2025-11-21,maturity,VNIR_bands_PCA,138,138,ExtraTrees,128,0.14869818802460233,4.6978541064593555,3.642279207734846,-0.05081295769582883,0.38650435538846806,4.354738269047488,95.64526173095251,72.65625,21.0,
repeated10fold,2025-11-21,maturity,VNIR_bands_PCA,138,138,MLP,128,-16.152838781186865,21.087531748368395,17.70108692490968,-9.540251579756422,0.17503720646524443,20.878524220076095,79.12147577992391,17.96875,35.0,
repeated10fold,2025-11-21,maturity,VNIR_bands_PCA,138,138,XGBoost,128,0.021871551309985415,5.0356517941152354,3.9239643216133113,-0.16687177419662447,0.31441081484153266,4.681084417257703,95.31891558274229,67.96875,7.0,
repeated10fold,2025-11-21,maturity,VNIR_bands_PCA,138,138,LightGBM,128,-0.011841289305402958,5.121697745864232,4.031342663068836,-0.26609498837370216,0.30128633491524687,4.802092136110706,95.1979078638893,65.625,4.0,
repeated10fold,2025-11-21,maturity,LiDAR+VNIR_bands_PCA,210,210,Ridge,128,0.4993009021921184,3.602849749556147,2.7832941083218645,-0.03627229328874604,0.7066496118521194,3.3119174879683078,96.6880825120317,85.15625,1.0,
repeated10fold,2025-11-21,maturity,LiDAR+VNIR_bands_PCA,210,210,SVR_rbf,128,0.46795636989231737,3.713909960643926,2.839528392340733,0.042226240123712566,0.6850915166674969,3.384939431612058,96.61506056838795,82.8125,219.0,
repeated10fold,2025-11-21,maturity,LiDAR+VNIR_bands_PCA,210,210,GPR,128,0.5015679479770796,3.5946840749479017,2.7949479982842527,-0.03395583431059901,0.7082467834140195,3.3248346477624633,96.67516535223754,85.15625,6.0,
repeated10fold,2025-11-21,maturity,LiDAR+VNIR_bands_PCA,210,210,RandomForest,128,0.31773506114416616,4.205661099633044,3.279064933155942,-0.01297132898374298,0.5954618646369577,3.9198796675388072,96.08012033246119,78.125,35.0,
repeated10fold,2025-11-21,maturity,LiDAR+VNIR_bands_PCA,210,210,ExtraTrees,128,0.3488765294640642,4.108557995342319,3.1984767103339395,-0.00946708163797727,0.620283144264652,3.8213309218702385,96.17866907812976,78.90625,24.0,
repeated10fold,2025-11-21,maturity,LiDAR+VNIR_bands_PCA,210,210,MLP,128,-5.63844795728153,13.11870674726198,10.613198293219542,-2.056847460684936,0.262551526728827,12.584421032707827,87.41557896729218,30.46875,64.0,
repeated10fold,2025-11-21,maturity,LiDAR+VNIR_bands_PCA,210,210,XGBoost,128,0.38421427343229997,3.995513069759365,3.0642343759536743,-0.016292834281921187,0.6200642739631197,3.648610053009744,96.35138994699025,82.8125,12.0,
repeated10fold,2025-11-21,maturity,LiDAR+VNIR_bands_PCA,210,210,LightGBM,128,0.38248484213840594,4.001119825640386,3.0150724017137076,-0.014554103565194154,0.6186490284597995,3.5884059367498473,96.41159406325015,83.59375,6.0,
LOOCV,2025-09-30,anthesis,LiDAR+VNIR_PCA_joint,212,212,Ridge,128,0.5889868020559488,3.2642666681330286,2.6176118633538823,-0.009768947695973806,0.7676498071532621,3.113251483746377,96.88674851625362,89.0625,,
LOOCV,2025-09-30,anthesis,LiDAR+VNIR_PCA,212,212,Ridge,128,0.5875887759460052,3.2698135167823588,2.62106091140192,-0.01135193494550868,0.7675831304143637,3.1133890439728797,96.88661095602713,89.0625,,
LOOCV,2025-09-30,anthesis,LiDAR+VNIR_PCA_joint,212,212,GPR,128,0.5819429367911848,3.292119030642479,2.6441171901465,-0.025023514057058827,0.7628924693542911,3.1422621445235754,96.85773785547643,89.0625,,
LOOCV,2025-09-30,anthesis,cth_p95_only,1,1,Linear,128,0.47119707932595,3.70258186089846,2.9291197884763833,0.0018926822113043418,0.6865113205244666,3.50290567849331,96.4970943215067,81.25,,
LOOCV,2025-11-21,maturity,LiDAR+VNIR_PCA_joint,212,212,Ridge,128,0.563219679527325,3.3650326149381904,2.646476602658387,-0.03941703721916634,0.7508770223980066,3.1397483245170084,96.86025167548298,89.0625,,
LOOCV,2025-11-21,maturity,LiDAR+VNIR_PCA,212,212,Ridge,128,0.5498875591126688,3.4160030909555616,2.6737262871831886,-0.045754885422019886,0.7423440906810073,3.171172802905213,96.82882719709478,87.5,,
LOOCV,2025-11-21,maturity,LiDAR+VNIR_PCA_joint,212,212,GPR,128,0.543186982430819,3.4413352436501334,2.683671576569138,-0.05909032165790884,0.7372682391657023,3.1812416457683805,96.81875835423162,87.5,,
LOOCV,2025-11-21,maturity,cth_p95_only,1,1,Linear,128,0.22583834504303657,4.479954207501573,3.3555556730447194,0.00541676429352822,0.47564770659518024,4.020509247350983,95.97949075264901,75.0,,
leave_flight_out_raw,2025-11-21,maturity,LiDAR_core,22,10,Ridge,128,-7.695878468926942,15.014624567173417,14.29368208515751,14.29368208515751,0.5655504062532587,17.124612732815315,82.87538726718469,1.5625,,2025-09-30
leave_flight_out_5plot_offset,2025-11-21,maturity,LiDAR_core,22,10,Ridge,128,,5.131341875436928,,,0.5655504062532587,,,,,2025-09-30
leave_flight_out_raw,2025-11-21,maturity,LiDAR_core,22,10,RandomForest,128,-1.3585547074707462,7.8195313245720035,6.682202825583239,6.428346441819437,0.4857484857448285,8.172542818866981,91.82745718113301,39.0625,,2025-09-30
leave_flight_out_5plot_offset,2025-11-21,maturity,LiDAR_core,22,10,RandomForest,128,,4.828891422584484,,,0.4857484857448285,,,,,2025-09-30
leave_flight_out_raw,2025-11-21,maturity,LiDAR_core,22,10,XGBoost,128,-1.908115845307032,8.682875980814696,7.495083510875702,7.322787821292877,0.4123530218254711,9.156354288191217,90.84364571180879,30.46875,,2025-09-30
leave_flight_out_5plot_offset,2025-11-21,maturity,LiDAR_core,22,10,XGBoost,128,,5.189775660246104,,,0.4123530218254711,,,,,2025-09-30
leave_flight_out_raw,2025-11-21,maturity,LiDAR_core,22,10,SVR_rbf,128,-1.7768259129734467,8.484613688614555,7.2194187794543065,6.802466017790605,0.2250828331914099,8.835892474374587,91.16410752562541,32.03125,,2025-09-30
leave_flight_out_5plot_offset,2025-11-21,maturity,LiDAR_core,22,10,SVR_rbf,128,,5.434262204136979,,,0.2250828331914099,,,,,2025-09-30
leave_flight_out_raw,2025-11-21,maturity,LiDAR_core,22,10,GPR,128,-4.844253640021564,12.308985911185777,11.551792736266798,11.551792736266798,0.5776364350328886,13.90790844549028,86.09209155450972,3.90625,,2025-09-30
leave_flight_out_5plot_offset,2025-11-21,maturity,LiDAR_core,22,10,GPR,128,,4.704821442299132,,,0.5776364350328886,,,,,2025-09-30
leave_flight_out_raw,2025-11-21,maturity,LiDAR_all,72,10,Ridge,128,-3.2373596096076556,10.481064844269389,9.274187035502754,9.174247830864545,0.5260103994312406,11.154919013306703,88.84508098669329,20.3125,,2025-09-30
leave_flight_out_5plot_offset,2025-11-21,maturity,LiDAR_all,72,10,Ridge,128,,5.553280359795355,,,0.5260103994312406,,,,,2025-09-30
leave_flight_out_raw,2025-11-21,maturity,LiDAR_all,72,10,RandomForest,128,-1.0052747383888962,7.210156443345026,6.075963389989052,5.6900990506850775,0.4940495193013589,7.426624746741492,92.5733752532585,44.53125,,2025-09-30
leave_flight_out_5plot_offset,2025-11-21,maturity,LiDAR_all,72,10,RandomForest,128,,4.766448571329918,,,0.4940495193013589,,,,,2025-09-30
leave_flight_out_raw,2025-11-21,maturity,LiDAR_all,72,10,XGBoost,128,-1.0187743485425798,7.234385301744816,6.017695844173431,5.470588028430939,0.3898734404949331,7.359329787187955,92.64067021281204,44.53125,,2025-09-30
leave_flight_out_5plot_offset,2025-11-21,maturity,LiDAR_all,72,10,XGBoost,128,,5.1924119814836835,,,0.3898734404949331,,,,,2025-09-30
leave_flight_out_raw,2025-11-21,maturity,LiDAR_all,72,10,SVR_rbf,128,-0.588040372468553,6.41635694862061,5.15510544109482,3.8374514639891237,0.1910070656773958,6.3068925081025515,93.69310749189745,56.25,,2025-09-30
leave_flight_out_5plot_offset,2025-11-21,maturity,LiDAR_all,72,10,SVR_rbf,128,,5.667395824295614,,,0.1910070656773958,,,,,2025-09-30
leave_flight_out_raw,2025-11-21,maturity,LiDAR_all,72,10,GPR,128,-1.9366699476219944,8.725399407691953,7.61825227154826,7.483382041229769,0.5395945408298634,9.22791611321601,90.77208388678399,29.6875,,2025-09-30
leave_flight_out_5plot_offset,2025-11-21,maturity,LiDAR_all,72,10,GPR,128,,5.025081971102482,,,0.5395945408298634,,,,,2025-09-30
leave_flight_out_raw,2025-11-21,maturity,LiDAR+VNIR,44,10,Ridge,128,-2.2468924946307274,9.174696385418498,7.660654625144162,7.4067420737624206,0.377234781400743,9.31010863261047,90.68989136738954,38.28125,,2025-09-30
leave_flight_out_5plot_offset,2025-11-21,maturity,LiDAR+VNIR,44,10,Ridge,128,,6.121079650486024,,,0.377234781400743,,,,,2025-09-30
leave_flight_out_raw,2025-11-21,maturity,LiDAR+VNIR,44,10,RandomForest,128,-0.7979479928829423,6.827257908836675,5.6335679002720855,5.1629049907755356,0.49014744384602316,6.9162732184400335,93.08372678155996,50.0,,2025-09-30
leave_flight_out_5plot_offset,2025-11-21,maturity,LiDAR+VNIR,44,10,RandomForest,128,,4.859312261430408,,,0.49014744384602316,,,,,2025-09-30
leave_flight_out_raw,2025-11-21,maturity,LiDAR+VNIR,44,10,XGBoost,128,-1.0681955901118547,7.322401704987144,6.015216648578644,5.509881913661957,0.3207149265334477,7.401107178017122,92.59889282198287,46.09375,,2025-09-30
leave_flight_out_5plot_offset,2025-11-21,maturity,LiDAR+VNIR,44,10,XGBoost,128,,5.5083164528299156,,,0.3207149265334477,,,,,2025-09-30
leave_flight_out_raw,2025-11-21,maturity,LiDAR+VNIR,44,10,SVR_rbf,128,-0.4744052188478507,6.182529201618156,4.606568686708114,2.7327704675797735,-0.4836417201241643,5.677157120889158,94.32284287911084,60.9375,,2025-09-30
leave_flight_out_5plot_offset,2025-11-21,maturity,LiDAR+VNIR,44,10,SVR_rbf,128,,6.0856295392155895,,,-0.4836417201241643,,,,,2025-09-30
leave_flight_out_raw,2025-11-21,maturity,LiDAR+VNIR,44,10,GPR,128,-1.340689293123432,7.789859610952395,5.944084702142236,4.006176074747265,-0.4132462034595493,7.324857658588405,92.6751423414116,54.6875,,2025-09-30
leave_flight_out_5plot_offset,2025-11-21,maturity,LiDAR+VNIR,44,10,GPR,128,,7.367610730500835,,,-0.4132462034595493,,,,,2025-09-30
leave_flight_out_raw,2025-11-21,maturity,LiDAR_PCA,72,72,Ridge,128,-4.827800036204487,12.291646663340384,10.797314095251306,10.742752840436909,0.5527553996768554,12.888610263028651,87.11138973697135,14.0625,,2025-09-30
leave_flight_out_5plot_offset,2025-11-21,maturity,LiDAR_PCA,72,72,Ridge,128,,6.7414692123670745,,,0.5527553996768554,,,,,2025-09-30
leave_flight_out_raw,2025-11-21,maturity,LiDAR_PCA,72,72,RandomForest,128,-0.49054838256178224,6.216283109317274,5.0695819936937125,4.320068337354126,0.5038214633818248,6.224554304198559,93.77544569580144,59.375,,2025-09-30
leave_flight_out_5plot_offset,2025-11-21,maturity,LiDAR_PCA,72,72,RandomForest,128,,4.947637228256084,,,0.5038214633818248,,,,,2025-09-30
leave_flight_out_raw,2025-11-21,maturity,LiDAR_PCA,72,72,XGBoost,128,-2.17455680904528,9.071921805431973,7.94441944360733,7.826055705547333,0.4763864593839694,9.653752363595508,90.34624763640448,28.90625,,2025-09-30
leave_flight_out_5plot_offset,2025-11-21,maturity,LiDAR_PCA,72,72,XGBoost,128,,5.000949894686088,,,0.4763864593839694,,,,,2025-09-30
leave_flight_out_raw,2025-11-21,maturity,LiDAR_PCA,72,72,SVR_rbf,128,-0.3650208342673893,5.948772858560862,4.482457964994488,2.94094536021978,0.0993731222606593,5.5114252123706144,94.48857478762939,65.625,,2025-09-30
leave_flight_out_5plot_offset,2025-11-21,maturity,LiDAR_PCA,72,72,SVR_rbf,128,,5.703705768420884,,,0.0993731222606593,,,,,2025-09-30
leave_flight_out_raw,2025-11-21,maturity,LiDAR_PCA,72,72,GPR,128,-1.0253593333021231,7.246174517485951,5.928535676791783,4.096470537594824,0.07001549118999541,7.208610990988243,92.79138900901175,49.21875,,2025-09-30
leave_flight_out_5plot_offset,2025-11-21,maturity,LiDAR_PCA,72,72,GPR,128,,6.673789481714266,,,0.07001549118999541,,,,,2025-09-30
leave_flight_out_raw,2025-11-21,maturity,LiDAR+VNIR_PCA,212,212,Ridge,128,-113.11379043271165,54.390971025698335,40.17990997473581,-33.695042095511305,0.1943938361523803,47.30954101532055,52.69045898467945,6.25,,2025-09-30
leave_flight_out_5plot_offset,2025-11-21,maturity,LiDAR+VNIR_PCA,212,212,Ridge,128,,47.47453256657034,,,0.1943938361523803,,,,,2025-09-30
leave_flight_out_raw,2025-11-21,maturity,LiDAR+VNIR_PCA,212,212,RandomForest,128,0.09092477538448307,4.854647015427844,3.6785650477860385,1.3136764726000103,0.43100141594958,4.479958576588583,95.52004142341141,72.65625,,2025-09-30
leave_flight_out_5plot_offset,2025-11-21,maturity,LiDAR+VNIR_PCA,212,212,RandomForest,128,,5.138003785723938,,,0.43100141594958,,,,,2025-09-30
leave_flight_out_raw,2025-11-21,maturity,LiDAR+VNIR_PCA,212,212,XGBoost,128,-0.6992471053451987,6.637216986197906,5.480357527732849,4.8806151151657104,0.4697511701532069,6.721727254295555,93.27827274570444,53.90625,,2025-09-30
leave_flight_out_5plot_offset,2025-11-21,maturity,LiDAR+VNIR_PCA,212,212,XGBoost,128,,4.927873320255494,,,0.4697511701532069,,,,,2025-09-30
leave_flight_out_raw,2025-11-21,maturity,LiDAR+VNIR_PCA,212,212,SVR_rbf,128,-0.10200098610289432,5.3450126594938885,3.995874410523678,1.6261474849010256,0.0,4.88971051054901,95.11028948945099,66.40625,,2025-09-30
leave_flight_out_5plot_offset,2025-11-21,maturity,LiDAR+VNIR_PCA,212,212,SVR_rbf,128,,5.5339718726414775,,,0.0,,,,,2025-09-30
leave_flight_out_raw,2025-11-21,maturity,LiDAR+VNIR_PCA,212,212,GPR,128,0.06076193544451591,4.934527675336966,3.8616220339578615,-0.40491492168841614,0.3423950259947531,4.61463832682512,95.38536167317488,75.0,,2025-09-30
leave_flight_out_5plot_offset,2025-11-21,maturity,LiDAR+VNIR_PCA,212,212,GPR,128,,5.341610381078272,,,0.3423950259947531,,,,,2025-09-30
leave_flight_out_raw,2025-11-21,maturity,LiDAR+VNIR_PCA_joint,212,212,Ridge,128,-201.42699402771214,72.44225482165893,56.74166930134095,-56.26670073923761,0.11166157226785196,67.16174772537966,32.838252274620345,2.34375,,2025-09-30
leave_flight_out_5plot_offset,2025-11-21,maturity,LiDAR+VNIR_PCA_joint,212,212,Ridge,128,,50.12427974225433,,,0.11166157226785196,,,,,2025-09-30
leave_flight_out_raw,2025-11-21,maturity,LiDAR+VNIR_PCA_joint,212,212,RandomForest,128,-0.022071033320570255,5.147522891215452,4.0043723778213165,-1.2472626562724018,0.31750010782998567,4.744775106671908,95.25522489332809,71.09375,,2025-09-30
leave_flight_out_5plot_offset,2025-11-21,maturity,LiDAR+VNIR_PCA_joint,212,212,RandomForest,128,,5.493783765974713,,,0.31750010782998567,,,,,2025-09-30
leave_flight_out_raw,2025-11-21,maturity,LiDAR+VNIR_PCA_joint,212,212,XGBoost,128,-0.05266102139396045,5.223986158268672,4.054961562156677,-0.3677217960357666,0.3315734312954857,4.842006182183843,95.15799381781616,71.875,,2025-09-30
leave_flight_out_5plot_offset,2025-11-21,maturity,LiDAR+VNIR_PCA_joint,212,212,XGBoost,128,,5.6088775226097,,,0.3315734312954857,,,,,2025-09-30
leave_flight_out_raw,2025-11-21,maturity,LiDAR+VNIR_PCA_joint,212,212,SVR_rbf,128,-0.11629608041155781,5.379568556872515,4.021705949347739,1.7363620505503548,0.0,4.925894845865186,95.07410515413481,66.40625,,2025-09-30
leave_flight_out_5plot_offset,2025-11-21,maturity,LiDAR+VNIR_PCA_joint,212,212,SVR_rbf,128,,5.619172961820515,,,0.0,,,,,2025-09-30
leave_flight_out_raw,2025-11-21,maturity,LiDAR+VNIR_PCA_joint,212,212,GPR,128,-0.03909773793630378,5.190222144303819,4.165978971979229,-1.2468916260145404,0.18106045630608822,4.927559721474023,95.07244027852597,68.75,,2025-09-30
leave_flight_out_5plot_offset,2025-11-21,maturity,LiDAR+VNIR_PCA_joint,212,212,GPR,128,,5.556896204463878,,,0.18106045630608822,,,,,2025-09-30
leave_flight_out_raw,2025-11-21,maturity,VNIR_bands_PCA,138,138,Ridge,128,0.024308391817179253,5.029375147806376,3.9979189995632582,-0.8216664971620403,0.2277068681676247,4.749312837518292,95.25068716248171,68.75,,2025-09-30
leave_flight_out_5plot_offset,2025-11-21,maturity,VNIR_bands_PCA,138,138,Ridge,128,,5.402300297238741,,,0.2277068681676247,,,,,2025-09-30
leave_flight_out_raw,2025-11-21,maturity,VNIR_bands_PCA,138,138,RandomForest,128,-0.08465162028053075,5.302771106671791,3.96751184260109,1.5135414547807158,0.07848514952842205,4.849980908798548,95.15001909120146,66.40625,,2025-09-30
leave_flight_out_5plot_offset,2025-11-21,maturity,VNIR_bands_PCA,138,138,RandomForest,128,,5.515617023532986,,,0.07848514952842205,,,,,2025-09-30
leave_flight_out_raw,2025-11-21,maturity,VNIR_bands_PCA,138,138,XGBoost,128,-0.2513182475471023,5.695628250646578,4.295577645301819,2.312901496887207,-0.07262430349731777,5.276604352776737,94.72339564722327,63.28125,,2025-09-30
leave_flight_out_5plot_offset,2025-11-21,maturity,VNIR_bands_PCA,138,138,XGBoost,128,,5.74891918538332,,,-0.07262430349731777,,,,,2025-09-30
leave_flight_out_raw,2025-11-21,maturity,VNIR_bands_PCA,138,138,SVR_rbf,128,-0.0022284409743664746,5.097310720813287,3.922405023124995,0.2403578520000309,0.0,4.727290188740783,95.27270981125922,74.21875,,2025-09-30
leave_flight_out_5plot_offset,2025-11-21,maturity,VNIR_bands_PCA,138,138,SVR_rbf,128,,5.530436064827472,,,0.0,,,,,2025-09-30
leave_flight_out_raw,2025-11-21,maturity,VNIR_bands_PCA,138,138,GPR,128,-3.846879301327988e-06,5.091650461009136,3.9599802460328757,-6.286791107779077e-05,-0.28102661166832543,4.758163262238998,95.241836737761,74.21875,,2025-09-30
leave_flight_out_5plot_offset,2025-11-21,maturity,VNIR_bands_PCA,138,138,GPR,128,,5.521761671065579,,,-0.28102661166832543,,,,,2025-09-30
leave_flight_out_raw,2025-11-21,maturity,LiDAR+VNIR_bands_PCA,210,210,Ridge,128,-106.20341779309055,52.71838074256772,36.54362231817327,36.54362231817327,0.37384724519952917,42.64331263337782,57.35668736662218,0.78125,,2025-09-30
leave_flight_out_5plot_offset,2025-11-21,maturity,LiDAR+VNIR_bands_PCA,210,210,Ridge,128,,41.17269422286808,,,0.37384724519952917,,,,,2025-09-30
leave_flight_out_raw,2025-11-21,maturity,LiDAR+VNIR_bands_PCA,210,210,RandomForest,128,-0.831852327123477,6.891328884694047,5.734219574409842,5.1439444814383215,0.49799753422400095,7.047351340865415,92.95264865913458,48.4375,,2025-09-30
leave_flight_out_5plot_offset,2025-11-21,maturity,LiDAR+VNIR_bands_PCA,210,210,RandomForest,128,,4.9732225544870055,,,0.49799753422400095,,,,,2025-09-30
leave_flight_out_raw,2025-11-21,maturity,LiDAR+VNIR_bands_PCA,210,210,XGBoost,128,-2.0820833036268604,8.938814668463102,7.869394898414612,7.706188797950745,0.4592945955774377,9.608312061663158,90.39168793833684,26.5625,,2025-09-30
leave_flight_out_5plot_offset,2025-11-21,maturity,LiDAR+VNIR_bands_PCA,210,210,XGBoost,128,,5.084236652638678,,,0.4592945955774377,,,,,2025-09-30
leave_flight_out_raw,2025-11-21,maturity,LiDAR+VNIR_bands_PCA,210,210,SVR_rbf,128,-0.08094173983713748,5.293694691219378,3.954258226918668,1.4485851015183155,-0.16284241827557483,4.8314153407412235,95.16858465925878,66.40625,,2025-09-30
leave_flight_out_5plot_offset,2025-11-21,maturity,LiDAR+VNIR_bands_PCA,210,210,SVR_rbf,128,,5.359481126414585,,,-0.16284241827557483,,,,,2025-09-30
leave_flight_out_raw,2025-11-21,maturity,LiDAR+VNIR_bands_PCA,210,210,GPR,128,-0.9464152429757346,7.103550873677106,5.691637471067523,3.984796896002311,-0.11294407409172574,6.976962768301667,93.02303723169834,52.34375,,2025-09-30
leave_flight_out_5plot_offset,2025-11-21,maturity,LiDAR+VNIR_bands_PCA,210,210,GPR,128,,6.402388679139856,,,-0.11294407409172574,,,,,2025-09-30
leave_flight_out_raw,2025-09-30,anthesis,LiDAR_core,22,10,Ridge,128,-5.068302481033329,12.542709300843288,11.932962917574876,-11.932962917574876,0.668456439217765,13.977457571929314,86.0225424280707,4.6875,,2025-11-21
leave_flight_out_5plot_offset,2025-09-30,anthesis,LiDAR_core,22,10,Ridge,128,,4.152274195629518,,,0.668456439217765,,,,,2025-11-21
leave_flight_out_raw,2025-09-30,anthesis,LiDAR_core,22,10,RandomForest,128,-1.2241632647756928,7.593483932453021,6.6806661215112495,-6.056522913664662,0.4857912691172539,7.713620035702212,92.2863799642978,34.375,,2025-11-21
leave_flight_out_5plot_offset,2025-09-30,anthesis,LiDAR_core,22,10,RandomForest,128,,4.975882229416628,,,0.4857912691172539,,,,,2025-11-21
leave_flight_out_raw,2025-09-30,anthesis,LiDAR_core,22,10,XGBoost,128,-2.1117667535253584,8.981756249097437,8.018552958965302,-7.685371696949005,0.4175764050030766,9.272817463797443,90.72718253620256,25.0,,2025-11-21
leave_flight_out_5plot_offset,2025-09-30,anthesis,LiDAR_core,22,10,XGBoost,128,,4.98351946783185,,,0.4175764050030766,,,,,2025-11-21
leave_flight_out_raw,2025-09-30,anthesis,LiDAR_core,22,10,SVR_rbf,128,-4.517373926724632,11.959801061817084,11.201692217434788,-11.04557411351963,0.45147411415931893,13.028937190858745,86.97106280914126,9.375,,2025-11-21
leave_flight_out_5plot_offset,2025-09-30,anthesis,LiDAR_core,22,10,SVR_rbf,128,,5.133629893732411,,,0.45147411415931893,,,,,2025-11-21
leave_flight_out_raw,2025-09-30,anthesis,LiDAR_core,22,10,GPR,128,-6.149577242391593,13.61438186651149,12.894176762004378,-12.869236883359571,0.526533361715429,15.05936686021156,84.94063313978845,5.46875,,2025-11-21
leave_flight_out_5plot_offset,2025-09-30,anthesis,LiDAR_core,22,10,GPR,128,,4.741951737440922,,,0.526533361715429,,,,,2025-11-21
leave_flight_out_raw,2025-09-30,anthesis,LiDAR_all,72,10,Ridge,128,-1.029870643059319,7.254240136789164,6.36246213699664,-4.049326216829235,0.376977715545909,7.428399514097224,92.57160048590278,35.15625,,2025-11-21
leave_flight_out_5plot_offset,2025-09-30,anthesis,LiDAR_all,72,10,Ridge,128,,6.5125053675095055,,,0.376977715545909,,,,,2025-11-21
leave_flight_out_raw,2025-09-30,anthesis,LiDAR_all,72,10,RandomForest,128,-0.780552175073417,6.794149496050381,5.825105243634875,-4.864017272389405,0.3671698896807894,6.755357652860841,93.24464234713916,45.3125,,2025-11-21
leave_flight_out_5plot_offset,2025-09-30,anthesis,LiDAR_all,72,10,RandomForest,128,,5.301810760291795,,,0.3671698896807894,,,,,2025-11-21
leave_flight_out_raw,2025-09-30,anthesis,LiDAR_all,72,10,XGBoost,128,-1.480359703244463,8.018905215885654,6.747046709060669,-5.851223945617676,0.25695199868729623,7.845002027350276,92.15499797264972,38.28125,,2025-11-21
leave_flight_out_5plot_offset,2025-09-30,anthesis,LiDAR_all,72,10,XGBoost,128,,5.932520614014788,,,0.25695199868729623,,,,,2025-11-21
leave_flight_out_raw,2025-09-30,anthesis,LiDAR_all,72,10,SVR_rbf,128,-1.1242234189711482,7.42092159030403,6.190222026446152,-5.342732464061794,0.400688065324429,7.1730313197984685,92.82696868020153,44.53125,,2025-11-21
leave_flight_out_5plot_offset,2025-09-30,anthesis,LiDAR_all,72,10,SVR_rbf,128,,5.713843335073767,,,0.400688065324429,,,,,2025-11-21
leave_flight_out_raw,2025-09-30,anthesis,LiDAR_all,72,10,GPR,128,-1.0948208510262356,7.369384059618394,6.190249690027231,-5.370537333383469,0.36161291313531385,7.176806337528391,92.82319366247161,42.96875,,2025-11-21
leave_flight_out_5plot_offset,2025-09-30,anthesis,LiDAR_all,72,10,GPR,128,,5.55079752461518,,,0.36161291313531385,,,,,2025-11-21
leave_flight_out_raw,2025-09-30,anthesis,LiDAR+VNIR,44,10,Ridge,128,-542.806507332636,118.73532536861187,117.81109473202247,-117.81109473202247,-0.08309208587789044,139.22885283941028,-39.22885283941028,0.0,,2025-11-21
leave_flight_out_5plot_offset,2025-09-30,anthesis,LiDAR+VNIR,44,10,Ridge,128,,16.119082659284675,,,-0.08309208587789044,,,,,2025-11-21
leave_flight_out_raw,2025-09-30,anthesis,LiDAR+VNIR,44,10,RandomForest,128,-3.1546865290307897,10.378315701640151,9.463043098607596,-9.205844701128338,0.4111893669474206,10.927198685626557,89.07280131437344,14.84375,,2025-11-21
leave_flight_out_5plot_offset,2025-09-30,anthesis,LiDAR+VNIR,44,10,RandomForest,128,,5.23296874277159,,,0.4111893669474206,,,,,2025-11-21
leave_flight_out_raw,2025-09-30,anthesis,LiDAR+VNIR,44,10,XGBoost,128,-5.368660394277289,12.849368733235709,11.969900250434875,-11.85850703716278,0.2556424941119658,13.873254503901899,86.1267454960981,8.59375,,2025-11-21
leave_flight_out_5plot_offset,2025-09-30,anthesis,LiDAR+VNIR,44,10,XGBoost,128,,5.414444692287975,,,0.2556424941119658,,,,,2025-11-21
leave_flight_out_raw,2025-09-30,anthesis,LiDAR+VNIR,44,10,SVR_rbf,128,-0.09722488211418434,5.3334173629180235,4.295342406713768,-1.5876196268550729,0.0,5.065885089438601,94.9341149105614,71.09375,,2025-11-21
leave_flight_out_5plot_offset,2025-09-30,anthesis,LiDAR+VNIR,44,10,SVR_rbf,128,,5.5582391671575575,,,0.0,,,,,2025-11-21
leave_flight_out_raw,2025-09-30,anthesis,LiDAR+VNIR,44,10,GPR,128,-0.00040681419508281635,5.0926762380944295,3.9608984990336147,-0.00932176226297321,-0.047195329978776186,4.758788536955027,95.24121146304498,74.21875,,2025-11-21
leave_flight_out_5plot_offset,2025-09-30,anthesis,LiDAR+VNIR,44,10,GPR,128,,5.627922229321503,,,-0.047195329978776186,,,,,2025-11-21
leave_flight_out_raw,2025-09-30,anthesis,LiDAR_PCA,72,72,Ridge,128,-2.045218057999224,8.885194617141368,8.036917379967885,-7.898472569866442,0.6026868740775922,9.318428733526634,90.68157126647337,21.875,,2025-11-21
leave_flight_out_5plot_offset,2025-09-30,anthesis,LiDAR_PCA,72,72,Ridge,128,,4.485769918157628,,,0.6026868740775922,,,,,2025-11-21
leave_flight_out_raw,2025-09-30,anthesis,LiDAR_PCA,72,72,RandomForest,128,-0.4026779262932265,6.0302695858990765,5.228769603591974,-4.1476257469596645,0.552969724317432,6.064555278697406,93.93544472130259,47.65625,,2025-11-21
leave_flight_out_5plot_offset,2025-09-30,anthesis,LiDAR_PCA,72,72,RandomForest,128,,4.835724347520054,,,0.552969724317432,,,,,2025-11-21
leave_flight_out_raw,2025-09-30,anthesis,LiDAR_PCA,72,72,XGBoost,128,-0.49137200107365064,6.218000309121932,5.394293487071991,-4.3465006947517395,0.4886550297555428,6.266676372423937,93.73332362757606,48.4375,,2025-11-21
leave_flight_out_5plot_offset,2025-09-30,anthesis,LiDAR_PCA,72,72,XGBoost,128,,4.811326902832367,,,0.4886550297555428,,,,,2025-11-21
leave_flight_out_raw,2025-09-30,anthesis,LiDAR_PCA,72,72,SVR_rbf,128,-0.4912422704414776,6.217729859276564,5.215402884166004,-3.5128560996562443,0.24338128172431403,6.093963997790887,93.9060360022091,49.21875,,2025-11-21
leave_flight_out_5plot_offset,2025-09-30,anthesis,LiDAR_PCA,72,72,SVR_rbf,128,,5.67619572470847,,,0.24338128172431403,,,,,2025-11-21
leave_flight_out_raw,2025-09-30,anthesis,LiDAR_PCA,72,72,GPR,128,-1.4596765079650722,7.985401246238447,7.167198147218255,-7.024569228919074,0.6665585177108915,8.3042807483117,91.6957192516883,26.5625,,2025-11-21
leave_flight_out_5plot_offset,2025-09-30,anthesis,LiDAR_PCA,72,72,GPR,128,,4.023787104445476,,,0.6665585177108915,,,,,2025-11-21
leave_flight_out_raw,2025-09-30,anthesis,LiDAR+VNIR_PCA,212,212,Ridge,128,-540.2579697609592,118.4567733462534,116.95184942723357,-116.95184942723357,0.019267556268803398,138.33303738577777,-38.33303738577777,0.0,,2025-11-21
leave_flight_out_5plot_offset,2025-09-30,anthesis,LiDAR+VNIR_PCA,212,212,Ridge,128,,21.350183281747583,,,0.019267556268803398,,,,,2025-11-21
leave_flight_out_raw,2025-09-30,anthesis,LiDAR+VNIR_PCA,212,212,RandomForest,128,-0.4965406568324273,6.228765867752908,5.3326387869310885,-4.180616300851477,0.5448538028231414,6.1762499463715095,93.82375005362849,46.09375,,2025-11-21
leave_flight_out_5plot_offset,2025-09-30,anthesis,LiDAR+VNIR_PCA,212,212,RandomForest,128,,5.200297035054245,,,0.5448538028231414,,,,,2025-11-21
leave_flight_out_raw,2025-09-30,anthesis,LiDAR+VNIR_PCA,212,212,XGBoost,128,-0.19729833255390083,5.5713306690708375,4.689473330974579,-3.2446975111961365,0.4714452712582937,5.456251704741352,94.54374829525865,59.375,,2025-11-21
leave_flight_out_5plot_offset,2025-09-30,anthesis,LiDAR+VNIR_PCA,212,212,XGBoost,128,,4.953622977987107,,,0.4714452712582937,,,,,2025-11-21
leave_flight_out_raw,2025-09-30,anthesis,LiDAR+VNIR_PCA,212,212,SVR_rbf,128,-0.014020159600401039,5.127209239618369,3.9102989788819187,0.6028846484427817,,4.733153171462995,95.26684682853701,72.65625,,2025-11-21
leave_flight_out_5plot_offset,2025-09-30,anthesis,LiDAR+VNIR_PCA,212,212,SVR_rbf,128,,5.762217802712752,,,,,,,,2025-11-21
leave_flight_out_raw,2025-09-30,anthesis,LiDAR+VNIR_PCA,212,212,GPR,128,1.862474901415112e-06,5.091635926026324,3.95997475319972,-5.664360037493932e-05,0.011184840220915525,4.758157997421746,95.24184200257825,74.21875,,2025-11-21
leave_flight_out_5plot_offset,2025-09-30,anthesis,LiDAR+VNIR_PCA,212,212,GPR,128,,5.585009409925765,,,0.011184840220915525,,,,,2025-11-21
leave_flight_out_raw,2025-09-30,anthesis,LiDAR+VNIR_PCA_joint,212,212,Ridge,128,-544.7654773569676,118.9489949754078,117.48063225951861,-117.48063225951861,0.04066915799846364,138.98815106296797,-38.98815106296797,0.0,,2025-11-21
leave_flight_out_5plot_offset,2025-09-30,anthesis,LiDAR+VNIR_PCA_joint,212,212,Ridge,128,,19.87187553566804,,,0.04066915799846364,,,,,2025-11-21
leave_flight_out_raw,2025-09-30,anthesis,LiDAR+VNIR_PCA_joint,212,212,RandomForest,128,-2.771096339056098,9.887615286193917,8.872105431504231,-8.47502690881164,-0.0710036014405338,10.2266297771514,89.7733702228486,24.21875,,2025-11-21
leave_flight_out_5plot_offset,2025-09-30,anthesis,LiDAR+VNIR_PCA_joint,212,212,RandomForest,128,,5.479951555965909,,,-0.0710036014405338,,,,,2025-11-21
leave_flight_out_raw,2025-09-30,anthesis,LiDAR+VNIR_PCA_joint,212,212,XGBoost,128,-1.4807765326859568,8.019578984162255,6.9635961055755615,-6.202362060546875,0.10710592285849287,8.026031145869972,91.97396885413002,34.375,,2025-11-21
leave_flight_out_5plot_offset,2025-09-30,anthesis,LiDAR+VNIR_PCA_joint,212,212,XGBoost,128,,5.590453858046006,,,0.10710592285849287,,,,,2025-11-21
leave_flight_out_raw,2025-09-30,anthesis,LiDAR+VNIR_PCA_joint,212,212,SVR_rbf,128,-0.00931630779055248,5.115303328970698,3.9085578181811886,0.49145036359607275,0.0,4.724924708768673,95.27507529123133,72.65625,,2025-11-21
leave_flight_out_5plot_offset,2025-09-30,anthesis,LiDAR+VNIR_PCA_joint,212,212,SVR_rbf,128,,5.560395810219119,,,0.0,,,,,2025-11-21
leave_flight_out_raw,2025-09-30,anthesis,LiDAR+VNIR_PCA_joint,212,212,GPR,128,-6.863084944797038e-06,5.091658139706234,3.960113290935674,-0.0006115267444608552,-0.004106636751306695,4.758298639261939,95.24170136073806,74.21875,,2025-11-21
leave_flight_out_5plot_offset,2025-09-30,anthesis,LiDAR+VNIR_PCA_joint,212,212,GPR,128,,5.618602660938351,,,-0.004106636751306695,,,,,2025-11-21
leave_flight_out_raw,2025-09-30,anthesis,VNIR_bands_PCA,138,138,Ridge,128,-4.099579146898739,11.498069114933937,10.058319668521108,9.467534902271648,-0.004653330670922643,12.243988179933071,87.75601182006693,21.09375,,2025-11-21
leave_flight_out_5plot_offset,2025-09-30,anthesis,VNIR_bands_PCA,138,138,Ridge,128,,7.042179554907454,,,-0.004653330670922643,,,,,2025-11-21
leave_flight_out_raw,2025-09-30,anthesis,VNIR_bands_PCA,138,138,RandomForest,128,-0.12049144857392546,5.389668074964632,4.068035675262241,0.8438377328400685,-0.2684228339882285,4.941304351986149,95.05869564801385,72.65625,,2025-11-21
leave_flight_out_5plot_offset,2025-09-30,anthesis,VNIR_bands_PCA,138,138,RandomForest,128,,6.038274129652779,,,-0.2684228339882285,,,,,2025-11-21
leave_flight_out_raw,2025-09-30,anthesis,VNIR_bands_PCA,138,138,XGBoost,128,-0.3111497633106257,5.830205959474315,4.384472489356995,0.8842356204986572,-0.2960702593795876,5.330430214475777,94.66956978552422,71.875,,2025-11-21
leave_flight_out_5plot_offset,2025-09-30,anthesis,VNIR_bands_PCA,138,138,XGBoost,128,,6.182302049436471,,,-0.2960702593795876,,,,,2025-11-21
leave_flight_out_raw,2025-09-30,anthesis,VNIR_bands_PCA,138,138,SVR_rbf,128,-0.056969161349825104,5.234665134342873,3.9256729269642525,1.2152836628560806,0.0,4.7851632904336165,95.21483670956638,72.65625,,2025-11-21
leave_flight_out_5plot_offset,2025-09-30,anthesis,VNIR_bands_PCA,138,138,SVR_rbf,128,,5.581766083543868,,,0.0,,,,,2025-11-21
leave_flight_out_raw,2025-09-30,anthesis,VNIR_bands_PCA,138,138,GPR,128,0.0,5.091640667555008,3.9599609375,0.0,,4.75814360194806,95.24185639805194,74.21875,,2025-11-21
leave_flight_out_5plot_offset,2025-09-30,anthesis,VNIR_bands_PCA,138,138,GPR,128,,5.4523637189412595,,,,,,,,2025-11-21
leave_flight_out_raw,2025-09-30,anthesis,LiDAR+VNIR_bands_PCA,210,210,Ridge,128,-97.17452422893807,50.44953286130067,50.137840400832886,-50.137840400832886,0.3313125104325409,59.18015601073077,40.81984398926923,0.0,,2025-11-21
leave_flight_out_5plot_offset,2025-09-30,anthesis,LiDAR+VNIR_bands_PCA,210,210,Ridge,128,,6.051361560443378,,,0.3313125104325409,,,,,2025-11-21
leave_flight_out_raw,2025-09-30,anthesis,LiDAR+VNIR_bands_PCA,210,210,RandomForest,128,0.024398915199965954,5.029141832992385,4.177778801999516,-2.063932535883239,0.5554620501011165,4.908818078399071,95.09118192160093,64.84375,,2025-11-21
leave_flight_out_5plot_offset,2025-09-30,anthesis,LiDAR+VNIR_bands_PCA,210,210,RandomForest,128,,5.04521837752031,,,0.5554620501011165,,,,,2025-11-21
leave_flight_out_raw,2025-09-30,anthesis,LiDAR+VNIR_bands_PCA,210,210,XGBoost,128,-0.3484911615501778,5.912644923044878,5.02993506193161,-3.736160695552826,0.47721868653586774,5.844114588842725,94.15588541115727,53.90625,,2025-11-21
leave_flight_out_5plot_offset,2025-09-30,anthesis,LiDAR+VNIR_bands_PCA,210,210,XGBoost,128,,5.110456418358201,,,0.47721868653586774,,,,,2025-11-21
leave_flight_out_raw,2025-09-30,anthesis,LiDAR+VNIR_bands_PCA,210,210,SVR_rbf,128,-0.008055654478425156,5.112107780209955,3.908019399085606,0.45699154147878573,0.0,4.722380221381578,95.27761977861842,72.65625,,2025-11-21
leave_flight_out_5plot_offset,2025-09-30,anthesis,LiDAR+VNIR_bands_PCA,210,210,SVR_rbf,128,,5.5137347481467565,,,0.0,,,,,2025-11-21
leave_flight_out_raw,2025-09-30,anthesis,LiDAR+VNIR_bands_PCA,210,210,GPR,128,0.00015661295491797844,5.091241943497895,3.9591155378428478,0.00287675178926583,0.08420335191929954,4.757274932879979,95.24272506712002,74.21875,,2025-11-21
leave_flight_out_5plot_offset,2025-09-30,anthesis,LiDAR+VNIR_bands_PCA,210,210,GPR,128,,5.503850494532592,,,0.08420335191929954,,,,,2025-11-21
