flight,feature_set,n_inputs,lidar_n_components,lidar_explained_variance,vnir_n_components,vnir_explained_variance,joint_n_components,joint_explained_variance,bands_n_components,bands_explained_variance
2025-09-30,LiDAR_PCA,72,11.0,0.9567101648136827,,,,,,
2025-09-30,LiDAR+VNIR_PCA,212,11.0,0.9567101648136827,10.0,0.950280118312477,,,,
2025-09-30,LiDAR+VNIR_PCA_joint,212,,,,,17.0,0.9510046934738048,,
2025-09-30,VNIR_bands_PCA,138,,,,,,,4.0,0.966090897597699
2025-09-30,LiDAR+VNIR_bands_PCA,210,11.0,0.9567101648136827,,,,,4.0,0.966090897597699
2025-11-21,LiDAR_PCA,72,10.0,0.9590843151338518,,,,,,
2025-11-21,LiDAR+VNIR_PCA,212,10.0,0.9590843151338518,18.0,0.9517073279974874,,,,
2025-11-21,LiDAR+VNIR_PCA_joint,212,,,,,23.0,0.9500614203168711,,
2025-11-21,VNIR_bands_PCA,138,,,,,,,7.0,0.9521933177681354
2025-11-21,LiDAR+VNIR_bands_PCA,210,10.0,0.9590843151338518,,,,,7.0,0.9521933177681354
