flight,feature_set,best_learner,n_features,R2,RMSE,MAE,r,acc
2025-09-30,LiDAR_core,Ridge,22,0.5457306501419958,3.431740691046799,2.7200632270852165,0.739604130077585,96.74746688852991
2025-09-30,LiDAR_all,Ridge,72,0.4816752522555364,3.665715189423876,2.9069549677319064,0.6952429000667173,96.52699695491978
2025-09-30,LiDAR+VNIR,Ridge,44,0.5762278393546789,3.3145452926049788,2.560482681791048,0.7595986162053479,96.95285915203345
2025-09-30,LiDAR_PCA,Ridge,72,0.49733626768303696,3.6099112293527456,2.867359474205135,0.705290889762272,96.57026026216751
2025-09-30,LiDAR+VNIR_PCA,Ridge,212,0.5845745706936448,3.281740866824816,2.636394396844203,0.7653763574883709,96.86692046753639
2025-09-30,LiDAR+VNIR_PCA_joint,Ridge,212,0.5908793527503625,3.256742678439676,2.6136994887157456,0.7693004630943557,96.88949463259566
2025-09-30,VNIR_bands_PCA,RandomForest,138,0.23577553189344125,4.451108858820587,3.576667551292101,0.48564021274605046,95.73384037342933
2025-09-30,LiDAR+VNIR_bands_PCA,Ridge,210,0.5296597113257456,3.4919163965568267,2.7637849333782816,0.7277857983719586,96.70906034192757
2025-11-21,LiDAR_core,GPR,22,0.43072066297373257,3.841673544828539,2.972370777944648,0.6565294874930873,96.45459148512869
2025-11-21,LiDAR_all,SVR_rbf,72,0.3564935749022301,4.084455702515457,3.0522368876757877,0.5989689818553184,96.32827034641504
2025-11-21,LiDAR+VNIR,GPR,44,0.5063156730112112,3.5775228517039883,2.766345198231426,0.7116065410809749,96.72810572205331
2025-11-21,LiDAR_PCA,GPR,72,0.3845199129846294,3.9945213787034595,3.118188610374566,0.6201960568990544,96.27508628723014
2025-11-21,LiDAR+VNIR_PCA,Ridge,212,0.541200630264405,3.4488090772241073,2.6908195961429553,0.736123869501804,96.80913403867352
2025-11-21,LiDAR+VNIR_PCA_joint,Ridge,212,0.549437860463204,3.4177090963207446,2.676692481133576,0.7417569228966974,96.82542903190105
2025-11-21,VNIR_bands_PCA,Ridge,138,0.18299299748192188,4.602254552781821,3.4587108353423335,0.42977465125948544,95.86964835327987
2025-11-21,LiDAR+VNIR_bands_PCA,GPR,210,0.5015679479770796,3.5946840749479017,2.7949479982842527,0.7082467834140197,96.67516535223754
