wavelength_nm,common_95
399.1,0
402.7,0
406.2,0
409.7,0
413.2,0
416.7,0
420.2,0
423.7,0
427.3,0
430.8,0
434.3,0
437.8,0
441.3,0
444.8,0
448.3,0
451.9,0
455.4,0
458.9,0
462.4,0
465.9,0
469.4,0
472.9,0
476.5,0
480.0,0
483.5,0
487.0,0
490.5,0
494.0,0
497.5,0
501.1,0
504.6,0
508.1,0
511.6,0
515.1,0
518.6,0
522.1,1
525.7,1
529.2,1
532.7,1
536.2,1
539.7,1
543.2,1
546.8,1
550.3,1
553.8,1
557.3,1
560.8,1
564.3,1
567.8,1
571.4,1
574.9,1
578.4,1
581.9,1
585.4,1
588.9,1
592.4,1
596.0,1
599.5,1
603.0,1
606.5,1
610.0,1
613.5,1
617.0,1
620.6,1
624.1,1
627.6,1
631.1,1
634.6,1
638.1,1
641.6,1
645.2,1
648.7,0
652.2,0
655.7,0
659.2,0
662.7,0
666.2,0
669.8,0
673.3,0
676.8,0
680.3,0
683.8,0
687.3,0
690.8,1
694.4,1
697.9,1
701.4,1
704.9,1
708.4,1
711.9,1
715.4,1
719.0,1
722.5,1
726.0,1
729.5,1
733.0,1
736.5,1
740.0,1
743.6,1
747.1,1
750.6,1
754.1,1
757.6,0
761.1,0
764.6,0
768.2,0
771.7,1
775.2,1
778.7,1
782.2,1
785.7,1
789.3,1
792.8,1
796.3,1
799.8,1
803.3,1
806.8,1
810.3,1
813.9,1
817.4,1
820.9,1
824.4,1
827.9,1
831.4,1
834.9,1
838.5,1
842.0,1
845.5,1
849.0,1
852.5,1
856.0,1
859.5,1
863.1,1
866.6,1
870.1,1
873.6,1
877.1,1
880.6,1
884.1,1
887.7,1
891.2,1
894.7,1
898.2,1
901.7,1
905.2,1
908.7,1
912.3,1
915.8,1
919.3,1
922.8,1
926.3,1
929.8,0
933.3,0
936.9,0
940.4,0
943.9,0
947.4,0
950.9,0
954.4,0
957.9,0
961.5,0
965.0,1
968.5,1
972.0,1
975.5,1
979.0,1
982.6,1
986.1,1
989.6,1
993.1,1
996.6,1
1000.1,1
