scheme,dataset,trial,stage,feature_set,n_features,n_vnir_features,n_selected,learner,n,R2,RMSE,rRMSE,MAE,bias,r,MAPE,accuracy,seconds,trained_on
repeated10fold,muresk_anthesis,muresk,anthesis,LiDAR_core,32,0.0,12,Ridge,128,0.3341399668011069,1556.614116928033,16.960963594420956,1234.2261697323004,16.059458388563463,0.5781338135190609,14.071893979028637,85.92810602097137,23.0,
repeated10fold,muresk_anthesis,muresk,anthesis,LiDAR_core,32,0.0,12,PLS,128,0.2913678791686505,1605.8312595519506,17.497236621362983,1254.8597297365081,7.403177552636045,0.5408521484650529,14.366645631362978,85.63335436863701,30.0,
repeated10fold,muresk_anthesis,muresk,anthesis,LiDAR_core,32,0.0,12,SVR_rbf,128,0.2847161081119637,1613.3504447848552,17.579166128238256,1283.0172230399457,-38.20141015485851,0.5362765544181085,14.741283269426273,85.25871673057372,43.0,
repeated10fold,muresk_anthesis,muresk,anthesis,LiDAR_core,32,0.0,12,GPR,128,0.30408881047448766,1591.352535678022,17.33947555145568,1265.0292813797384,46.913715975990215,0.5542279135084858,14.412600584682306,85.58739941531769,67.0,
repeated10fold,muresk_anthesis,muresk,anthesis,LiDAR_core,32,0.0,12,RandomForest,128,0.2373140882516528,1665.9514959738385,18.15231043198214,1285.3844768126205,24.699769893266392,0.49087278501195325,14.84512286895927,85.15487713104073,51.0,
repeated10fold,muresk_anthesis,muresk,anthesis,LiDAR_core,32,0.0,12,ExtraTrees,128,0.2751859427710486,1624.0627093425137,17.695887624722445,1263.2284769673429,22.582697584137136,0.525056738293528,14.619809728316882,85.38019027168312,46.0,
repeated10fold,muresk_anthesis,muresk,anthesis,LiDAR_core,32,0.0,12,MLP,128,-1.3520321643108906,2925.574210351718,31.87723735441777,2429.826236737277,-1018.9541573323454,0.13835009683392033,26.87249647911222,73.12750352088779,116.0,
repeated10fold,muresk_anthesis,muresk,anthesis,LiDAR_core,32,0.0,12,XGBoost,128,0.16525416685051186,1742.8765259579502,18.99049031154993,1358.2872718811032,12.70295666781346,0.4519993063578328,15.525843043941412,84.4741569560586,27.0,
repeated10fold,muresk_anthesis,muresk,anthesis,LiDAR_core,32,0.0,12,LightGBM,128,0.1574950100874848,1750.9580110125216,19.078546672024128,1383.0104095545778,14.983687515825189,0.4550894317750808,15.792490421376746,84.20750957862326,25.0,
repeated10fold,muresk_anthesis,muresk,anthesis,VNIR_core,29,29.0,12,Ridge,128,0.24869978929583025,1653.469719747028,18.01630822702049,1296.8120370315442,2.7512216887766883,0.504441139209581,14.892976885422627,85.10702311457737,19.0,
repeated10fold,muresk_anthesis,muresk,anthesis,VNIR_core,29,29.0,12,PLS,128,0.2401202963462532,1662.8838407916298,18.11888507157981,1302.9071655099626,7.653491935281274,0.4967703097341255,14.999811439720565,85.00018856027944,24.0,
repeated10fold,muresk_anthesis,muresk,anthesis,VNIR_core,29,29.0,12,SVR_rbf,128,0.2157137770982216,1689.3778034606567,18.407564925767517,1299.2382187861592,-9.18767662650722,0.46563605741345543,14.891588185265684,85.10841181473431,37.0,
repeated10fold,muresk_anthesis,muresk,anthesis,VNIR_core,29,29.0,12,GPR,128,0.06858084638763617,1841.0351185422148,20.06003240113788,1421.3715590214106,12.167664564252163,0.3196676570000518,16.428635570945517,83.57136442905448,60.0,
repeated10fold,muresk_anthesis,muresk,anthesis,VNIR_core,29,29.0,12,RandomForest,128,0.18259308491906245,1724.680465626735,18.792224913926084,1314.0852433738542,-0.37976006453092737,0.4300825710257799,15.057904080804727,84.94209591919527,51.0,
repeated10fold,muresk_anthesis,muresk,anthesis,VNIR_core,29,29.0,12,ExtraTrees,128,0.17946410242223165,1727.9782970921297,18.828158289331597,1323.8374150137342,-7.781664242242073,0.425825439306558,15.172744974621208,84.82725502537879,43.0,
repeated10fold,muresk_anthesis,muresk,anthesis,VNIR_core,29,29.0,12,MLP,128,-1.6043014454532356,3078.471353802823,33.543214076306285,2530.063262029219,-1084.502707443577,-0.014340756107333359,27.447501045387856,72.55249895461215,118.0,
repeated10fold,muresk_anthesis,muresk,anthesis,VNIR_core,29,29.0,12,XGBoost,128,0.10101090850630912,1808.7006792217223,19.707714352498314,1384.42429969094,-21.05795946988183,0.39325052224864454,15.634857107913236,84.36514289208677,26.0,
repeated10fold,muresk_anthesis,muresk,anthesis,VNIR_core,29,29.0,12,LightGBM,128,0.08736455558347234,1822.376710175181,19.85672923074929,1388.8691203025544,-32.7745146550889,0.3858790145696552,15.70496948966729,84.29503051033271,22.0,
repeated10fold,muresk_anthesis,muresk,anthesis,Fused_core,70,38.0,12,Ridge,128,0.32024514569470364,1572.7715680006356,17.137016179606217,1222.0067914768997,-0.7575741961966003,0.5661779122362232,13.943453240445402,86.05654675955459,20.0,
repeated10fold,muresk_anthesis,muresk,anthesis,Fused_core,70,38.0,12,PLS,128,0.29685788708545036,1599.598711165172,17.42932638905876,1260.5302634437874,3.86647010599701,0.5463269589808304,14.355083448112985,85.64491655188701,25.0,
repeated10fold,muresk_anthesis,muresk,anthesis,Fused_core,70,38.0,12,SVR_rbf,128,0.31000994797518466,1584.5680881443839,17.265551791947843,1220.2494144551306,-104.04530441641026,0.5596810758058547,13.836082197429533,86.16391780257047,43.0,
repeated10fold,muresk_anthesis,muresk,anthesis,Fused_core,70,38.0,12,GPR,128,0.24909423044099888,1653.035617569506,18.01157822287294,1282.232085726296,3.872177059472726,0.5100696515170603,14.575127462733287,85.42487253726671,68.0,
repeated10fold,muresk_anthesis,muresk,anthesis,Fused_core,70,38.0,12,RandomForest,128,0.2532693855448577,1648.433641696767,17.96143480942763,1267.7750718879724,-2.165912932584085,0.5052070272494417,14.55612633617106,85.44387366382894,50.0,
repeated10fold,muresk_anthesis,muresk,anthesis,Fused_core,70,38.0,12,ExtraTrees,128,0.28376696627431985,1614.4205029625555,17.590825548256692,1250.6563193553504,3.418292327589846,0.5329621328549913,14.343664105442391,85.65633589455761,40.0,
repeated10fold,muresk_anthesis,muresk,anthesis,Fused_core,70,38.0,12,MLP,128,-1.6820061574446754,3124.060070091024,34.03995154570976,2548.4750196344617,-1360.955083931778,0.16414691384073038,27.666607580602232,72.33339241939777,111.0,
repeated10fold,muresk_anthesis,muresk,anthesis,Fused_core,70,38.0,12,XGBoost,128,0.14476396883686016,1764.1377178392058,19.222153571924082,1376.0218865134498,-33.60084658536035,0.4407691063366546,15.696676197072312,84.3033238029277,26.0,
repeated10fold,muresk_anthesis,muresk,anthesis,Fused_core,70,38.0,12,LightGBM,128,0.15104451823840115,1757.6481815228171,19.151443183260664,1361.7461769755098,-43.21444471157124,0.45131210225635365,15.46382894952671,84.53617105047329,25.0,
repeated10fold,muresk_anthesis,muresk,anthesis,Fused_all,213,140.0,12,Ridge,128,0.3405234271954646,1549.1346813867392,16.879467202641433,1211.62468558392,8.286832408753376,0.5837015668882028,13.698560936083792,86.3014390639162,29.0,
repeated10fold,muresk_anthesis,muresk,anthesis,Fused_all,213,140.0,12,PLS,128,0.3165898141318849,1576.9946298295135,17.183030922218176,1237.614842948338,35.08928597081168,0.5663045264929536,13.972596050327446,86.02740394967256,33.0,
repeated10fold,muresk_anthesis,muresk,anthesis,Fused_all,213,140.0,12,SVR_rbf,128,0.29283078024978704,1604.172863129969,17.479166631484016,1212.8726565866887,-113.95946074777581,0.5448041898661368,13.630493419902928,86.36950658009707,45.0,
repeated10fold,muresk_anthesis,muresk,anthesis,Fused_all,213,140.0,12,GPR,128,0.2539271825193614,1647.7074269516243,17.953521928694922,1270.7763271049605,35.92965472886912,0.5135315350534703,14.420114834808425,85.57988516519157,66.0,
repeated10fold,muresk_anthesis,muresk,anthesis,Fused_all,213,140.0,12,RandomForest,128,0.2535452406338482,1648.129133749701,17.958116872022185,1266.7613559025656,31.060128815374746,0.5084870188192934,14.3551151177199,85.6448848822801,55.0,
repeated10fold,muresk_anthesis,muresk,anthesis,Fused_all,213,140.0,12,ExtraTrees,128,0.26652351955153397,1633.7386629564312,17.801317413134512,1267.751303877384,24.976229772691994,0.5179536235710949,14.416104811686333,85.58389518831366,48.0,
repeated10fold,muresk_anthesis,muresk,anthesis,Fused_all,213,140.0,12,MLP,128,-1.5882529022260679,3068.9714304263243,33.43970232423727,2455.6068710966183,-1382.0737020962526,0.2327201917488939,26.452817044823686,73.54718295517631,119.0,
repeated10fold,muresk_anthesis,muresk,anthesis,Fused_all,213,140.0,12,XGBoost,128,0.17674689941225663,1730.837030740526,18.859307227793163,1314.7447071422228,36.256378451260645,0.48042642001884267,14.649879421706016,85.35012057829398,37.0,
repeated10fold,muresk_anthesis,muresk,anthesis,Fused_all,213,140.0,12,LightGBM,128,0.1660602893068429,1742.0347659795586,18.98131844281671,1322.9904788670515,10.511856575435068,0.46889935781506786,14.725578188082089,85.2744218119179,33.0,
repeated10fold,muresk_anthesis,muresk,anthesis,LiDAR_PCA,73,0.0,11,Ridge,128,0.3372480432828332,1552.9769150773377,16.921332418328998,1231.2772730248962,22.853310448130365,0.5808660604194251,14.021327252634025,85.97867274736598,0.0,
repeated10fold,muresk_anthesis,muresk,anthesis,LiDAR_PCA,73,0.0,11,SVR_rbf,128,0.24857014670680766,1653.6123730071458,18.017862585756657,1328.6288027994415,-38.04570513575832,0.5022804671520741,15.27980051591491,84.72019948408509,79.0,
repeated10fold,muresk_anthesis,muresk,anthesis,LiDAR_PCA,73,0.0,11,GPR,128,0.3258075434475384,1566.3233966743912,17.066756506431176,1236.084592558472,25.48604722566752,0.5713443627452222,14.158513925804694,85.8414860741953,4.0,
repeated10fold,muresk_anthesis,muresk,anthesis,LiDAR_PCA,73,0.0,11,RandomForest,128,0.216474127017952,1688.5586957679013,18.398639877738177,1332.7134431579898,26.791479198114594,0.46643272515644796,15.468748162291762,84.53125183770824,30.0,
repeated10fold,muresk_anthesis,muresk,anthesis,LiDAR_PCA,73,0.0,11,ExtraTrees,128,0.24608347184065327,1656.3462276789733,18.047650835173805,1291.7681504444624,25.11047511516699,0.4992398055204008,14.909596379918048,85.09040362008196,21.0,
repeated10fold,muresk_anthesis,muresk,anthesis,LiDAR_PCA,73,0.0,11,MLP,128,-1.8105920369666357,3198.073173786475,34.84640289652112,1889.2014026810368,104.17115993585415,0.18747117416649778,21.42365450922556,78.57634549077444,99.0,
repeated10fold,muresk_anthesis,muresk,anthesis,LiDAR_PCA,73,0.0,11,XGBoost,128,0.1861354788160562,1720.9392866604262,18.75146079675811,1357.4409398859198,2.1119418057527852,0.45718687532548474,15.448507439832685,84.55149256016732,7.0,
repeated10fold,muresk_anthesis,muresk,anthesis,LiDAR_PCA,73,0.0,11,LightGBM,128,0.17609955751215856,1731.5173945075896,18.86672051343579,1362.7477831198632,21.03002302725381,0.4532202058438973,15.537718385768107,84.4622816142319,4.0,
repeated10fold,muresk_anthesis,muresk,anthesis,VNIR_PCA,131,131.0,9,Ridge,128,0.2772655940195776,1621.731138799826,17.670482688031782,1275.7414735909015,6.702900620895484,0.5268894706767163,14.521971099802066,85.47802890019793,1.0,
repeated10fold,muresk_anthesis,muresk,anthesis,VNIR_PCA,131,131.0,9,SVR_rbf,128,0.20525960763194107,1700.5998401228687,18.529840930599505,1316.4313244136633,-42.74837807893976,0.4538079186264965,15.044793902257785,84.95520609774222,113.0,
repeated10fold,muresk_anthesis,muresk,anthesis,VNIR_PCA,131,131.0,9,GPR,128,0.27935024218638604,1619.390596975329,17.644979999700226,1250.5952780745113,15.694119599333362,0.5288563587352572,14.276182793411197,85.7238172065888,5.0,
repeated10fold,muresk_anthesis,muresk,anthesis,VNIR_PCA,131,131.0,9,RandomForest,128,0.22244233731021812,1682.1154257464304,18.328433609482776,1306.3236751606628,36.13872814748822,0.4722508792141869,15.101480324999944,84.89851967500006,29.0,
repeated10fold,muresk_anthesis,muresk,anthesis,VNIR_PCA,131,131.0,9,ExtraTrees,128,0.2497869290956819,1652.272992090632,18.003268608535837,1275.586034038253,11.693033590036848,0.5039903241580614,14.677351044135722,85.32264895586428,22.0,
repeated10fold,muresk_anthesis,muresk,anthesis,VNIR_PCA,131,131.0,9,MLP,128,-0.3826155592132545,2243.0564873371377,24.440482074668125,1777.6338288795441,-262.8366743915577,0.30753694757702127,19.50220771152854,80.49779228847146,94.0,
repeated10fold,muresk_anthesis,muresk,anthesis,VNIR_PCA,131,131.0,9,XGBoost,128,0.18040263214516883,1726.9897827535337,18.817387376022282,1272.8050478154964,18.683637514981413,0.4508112133586757,14.582796787981787,85.41720321201821,7.0,
repeated10fold,muresk_anthesis,muresk,anthesis,VNIR_PCA,131,131.0,9,LightGBM,128,0.16138812091087062,1746.9078471186444,19.034415835994544,1312.3918517538837,33.365325907916215,0.43611100847818346,15.089402918272443,84.91059708172756,4.0,
repeated10fold,muresk_anthesis,muresk,anthesis,Fused_PCA,204,131.0,20,Ridge,128,0.36804667093214494,1516.4636118564206,16.523481210436692,1190.1292576288074,13.515655105660265,0.6067150474890086,13.429654992044007,86.57034500795599,1.0,
repeated10fold,muresk_anthesis,muresk,anthesis,Fused_PCA,204,131.0,20,SVR_rbf,128,0.29359192327089223,1603.3093260362994,17.469757477957216,1247.47965256747,-129.57770061795168,0.5470807039291378,14.037209112447657,85.96279088755234,164.0,
repeated10fold,muresk_anthesis,muresk,anthesis,Fused_PCA,204,131.0,20,GPR,128,0.36956046137083987,1514.6462430784675,16.503679047944857,1185.042262214415,26.565086487365363,0.6081605946903968,13.404828369632723,86.59517163036728,5.0,
repeated10fold,muresk_anthesis,muresk,anthesis,Fused_PCA,204,131.0,20,RandomForest,128,0.28169706117693216,1616.7516481256116,17.616225849984605,1274.4144884745906,24.47791958708251,0.5400994621298636,14.694632564764232,85.30536743523577,31.0,
repeated10fold,muresk_anthesis,muresk,anthesis,Fused_PCA,204,131.0,20,ExtraTrees,128,0.3143266878622044,1579.6035960679988,17.211458379549317,1237.4179077913877,9.98750591343613,0.5694794999349122,14.15523256455232,85.84476743544768,22.0,
repeated10fold,muresk_anthesis,muresk,anthesis,Fused_PCA,204,131.0,20,MLP,128,-1.370639258580943,2937.1236264458435,32.00308050576723,1938.4286826417338,-150.5608029907954,0.223110708944785,21.56756579511889,78.4324342048811,82.0,
repeated10fold,muresk_anthesis,muresk,anthesis,Fused_PCA,204,131.0,20,XGBoost,128,0.28373893136900574,1614.4520986031644,17.59116981630892,1228.9375185186211,17.917447939786015,0.539407256293123,13.886412112988431,86.11358788701156,10.0,
repeated10fold,muresk_anthesis,muresk,anthesis,Fused_PCA,204,131.0,20,LightGBM,128,0.2741522476470907,1625.2203769969867,17.7085016430128,1252.0930592637988,11.751496069481526,0.5320958697218372,14.18074465055236,85.81925534944764,5.0,
repeated10fold,muresk_anthesis,muresk,anthesis,Fused_PCA_joint,204,131.0,16,Ridge,128,0.3653128387948148,1519.7401852987844,16.559182957109822,1190.6438118296862,15.763958859082841,0.6045340062006055,13.463079246287016,86.53692075371299,1.0,
repeated10fold,muresk_anthesis,muresk,anthesis,Fused_PCA_joint,204,131.0,16,SVR_rbf,128,0.30134966723461076,1594.4812838354649,17.373566584690835,1236.232474569434,-116.69569282546553,0.5539479754293731,13.924272731620624,86.07572726837938,158.0,
repeated10fold,muresk_anthesis,muresk,anthesis,Fused_PCA_joint,204,131.0,16,GPR,128,0.3710805398960214,1512.8191283408803,16.483770692874682,1184.0023298677067,28.189950026088923,0.6095014732161443,13.400399285420386,86.59960071457961,5.0,
repeated10fold,muresk_anthesis,muresk,anthesis,Fused_PCA_joint,204,131.0,16,RandomForest,128,0.2970481679357315,1599.3822587638401,17.4269679103202,1261.9959853707392,20.504853840627035,0.5533915559695372,14.523151396823009,85.47684860317699,31.0,
repeated10fold,muresk_anthesis,muresk,anthesis,Fused_PCA_joint,204,131.0,16,ExtraTrees,128,0.31598643794542125,1577.6906328274206,17.19061461388635,1227.0145110846588,11.217770889564072,0.5782541790368735,14.071098129306844,85.92890187069315,22.0,
repeated10fold,muresk_anthesis,muresk,anthesis,Fused_PCA_joint,204,131.0,16,MLP,128,-0.6979305588526292,2485.7042396310912,27.084386975805607,1778.3495533350037,-149.96000268163806,0.3063555667220988,19.645791079615073,80.35420892038493,85.0,
repeated10fold,muresk_anthesis,muresk,anthesis,Fused_PCA_joint,204,131.0,16,XGBoost,128,0.3473989924576508,1541.0380450179605,16.791245752511497,1204.2211013100364,0.3880946072665665,0.5897585576465282,13.660251588464826,86.33974841153517,8.0,
repeated10fold,muresk_anthesis,muresk,anthesis,Fused_PCA_joint,204,131.0,16,LightGBM,128,0.3304525425379168,1560.9183037332757,17.007862279787744,1220.4276037750215,-14.11058927966598,0.5757506597104133,13.835309617926908,86.16469038207309,4.0,
repeated10fold,muresk_anthesis,muresk,anthesis,VNIR_bands_PCA,138,138.0,4,Ridge,128,0.09757867299256873,1812.1500941260822,19.74529939042047,1437.25569626488,4.317245144279944,0.3130685560773546,16.53689312843629,83.46310687156371,1.0,
repeated10fold,muresk_anthesis,muresk,anthesis,VNIR_bands_PCA,138,138.0,4,SVR_rbf,128,0.112238680491627,1797.370460972663,19.58425959441197,1407.6934912977226,-6.359046911524594,0.3378785949897787,16.275425275521016,83.72457472447898,125.0,
repeated10fold,muresk_anthesis,muresk,anthesis,VNIR_bands_PCA,138,138.0,4,GPR,128,0.09882187824894251,1810.9014251849178,19.731693816487752,1432.8652063842997,33.045398856867436,0.3163966971461261,16.528508980496813,83.47149101950319,6.0,
repeated10fold,muresk_anthesis,muresk,anthesis,VNIR_bands_PCA,138,138.0,4,RandomForest,128,0.06448969198273946,1845.0739587349117,20.104039853419764,1446.4951977807066,24.208525162177168,0.28582573415456886,16.63483539558384,83.36516460441617,30.0,
repeated10fold,muresk_anthesis,muresk,anthesis,VNIR_bands_PCA,138,138.0,4,ExtraTrees,128,0.06858888378079875,1841.0271752038486,20.05994585003226,1447.3806799628417,14.778049649130836,0.27862882492973373,16.594742253593978,83.40525774640602,21.0,
repeated10fold,muresk_anthesis,muresk,anthesis,VNIR_bands_PCA,138,138.0,4,MLP,128,-2.937242686888782,3785.171689465381,41.243464597606085,3093.6280394376363,-1325.555300246825,-0.05781487937519906,33.73440688510209,66.26559311489791,77.0,
repeated10fold,muresk_anthesis,muresk,anthesis,VNIR_bands_PCA,138,138.0,4,XGBoost,128,-0.14099816445716007,2037.6611420093618,22.20248170149729,1630.13586287065,35.912263766202145,0.17255551587506002,18.650546232478067,81.34945376752194,6.0,
repeated10fold,muresk_anthesis,muresk,anthesis,VNIR_bands_PCA,138,138.0,4,LightGBM,128,-0.12482137495050205,2023.1648497677397,22.044529205570125,1615.9570580435209,23.683216946267322,0.1936914253179615,18.46780502504073,81.53219497495927,4.0,
repeated10fold,muresk_anthesis,muresk,anthesis,Fused_bands_PCA,211,138.0,15,Ridge,128,0.311790478799545,1582.5222652968057,17.24326037979819,1250.2069452497924,17.332503331784174,0.5585292542890685,14.173592253798528,85.82640774620147,1.0,
repeated10fold,muresk_anthesis,muresk,anthesis,Fused_bands_PCA,211,138.0,15,SVR_rbf,128,0.2678742238077435,1632.2336967612557,17.784919208486606,1257.0009215241407,-136.50823168919342,0.5229079695273566,14.037576030865113,85.96242396913489,168.0,
repeated10fold,muresk_anthesis,muresk,anthesis,Fused_bands_PCA,211,138.0,15,GPR,128,0.29601984733932285,1600.5516679602986,17.439709865177488,1255.2278973760265,28.96472889652228,0.5443019404712208,14.273308088721153,85.72669191127885,5.0,
repeated10fold,muresk_anthesis,muresk,anthesis,Fused_bands_PCA,211,138.0,15,RandomForest,128,0.23845704870230544,1664.7027312102591,18.138703813962472,1317.4650315740048,23.516781328407724,0.49128966978373745,15.193075381596183,84.80692461840381,31.0,
repeated10fold,muresk_anthesis,muresk,anthesis,Fused_bands_PCA,211,138.0,15,ExtraTrees,128,0.26652240912142344,1633.7398996367924,17.801330888080138,1286.0639977957915,13.035736836116762,0.5200461848717769,14.737166679066924,85.26283332093308,21.0,
repeated10fold,muresk_anthesis,muresk,anthesis,Fused_bands_PCA,211,138.0,15,MLP,128,-1.6594517170187975,3110.896381077951,33.8965191768966,2196.552198732712,-230.27535823567976,0.14822643120040369,24.417372039813603,75.5826279601864,88.0,
repeated10fold,muresk_anthesis,muresk,anthesis,Fused_bands_PCA,211,138.0,15,XGBoost,128,0.2271421906697747,1677.024048790447,18.27295765159648,1319.4206602616741,7.64120053378015,0.4902073967527838,15.013003225379512,84.9869967746205,8.0,
repeated10fold,muresk_anthesis,muresk,anthesis,Fused_bands_PCA,211,138.0,15,LightGBM,128,0.22724697368103408,1676.910360616399,18.27171889822776,1329.392453461146,-18.61785638984754,0.493783763526276,15.093822609698037,84.90617739030196,4.0,
repeated10fold,muresk_maturity,muresk,maturity,LiDAR_core,31,0.0,12,Ridge,128,0.19275469769813192,1292.918770520341,13.503869420899653,1049.1217231860717,15.357504608740598,0.44166323569754357,11.504718529896694,88.49528147010331,19.0,
repeated10fold,muresk_maturity,muresk,maturity,LiDAR_core,31,0.0,12,PLS,128,0.1597846732910413,1319.0576503001182,13.776876532717397,1074.0671588410612,4.670112217428503,0.4050232707157439,11.839828857120432,88.16017114287956,24.0,
repeated10fold,muresk_maturity,muresk,maturity,LiDAR_core,31,0.0,12,SVR_rbf,128,0.10114576794897945,1364.310153171026,14.24951557522406,1101.4500726605147,68.10115493163616,0.32158001487712506,12.21907746076178,87.78092253923822,37.0,
repeated10fold,muresk_maturity,muresk,maturity,LiDAR_core,31,0.0,12,GPR,128,0.10920523636259716,1358.1799192406972,14.185488444980285,1099.7965242574635,-9.552745468759603,0.34825776678376963,12.10066232640778,87.89933767359221,61.0,
repeated10fold,muresk_maturity,muresk,maturity,LiDAR_core,31,0.0,12,RandomForest,128,0.1714451286789619,1309.8727726778106,13.68094522528602,1062.5410809112611,3.5159485009632405,0.4280369263021959,11.689214122768906,88.3107858772311,47.0,
repeated10fold,muresk_maturity,muresk,maturity,LiDAR_core,31,0.0,12,ExtraTrees,128,0.16935325058275075,1311.525268448752,13.698204690937061,1059.1206866489338,12.64474904589732,0.4210810530294087,11.67176414279549,88.3282358572045,38.0,
repeated10fold,muresk_maturity,muresk,maturity,LiDAR_core,31,0.0,12,MLP,128,-3.009984306606678,2881.640596648493,30.09724912528247,2373.743331394755,-1171.2132238239583,0.1921648229728297,24.79655919391006,75.20344080608994,108.0,
repeated10fold,muresk_maturity,muresk,maturity,LiDAR_core,31,0.0,12,XGBoost,128,0.12566998223956838,1345.5696160347513,14.053780334823825,1115.2056012240323,5.037540643866322,0.4117682036569256,12.145637978481275,87.85436202151872,25.0,
repeated10fold,muresk_maturity,muresk,maturity,LiDAR_core,31,0.0,12,LightGBM,128,0.15288922060671262,1324.459191039414,13.833292838581505,1094.5846786415743,22.13360857714799,0.43428862003508967,11.92456833795585,88.07543166204415,22.0,
repeated10fold,muresk_maturity,muresk,maturity,VNIR_core,29,29.0,12,Ridge,126,0.0842535060225269,1381.2886646481722,14.453273006759575,1138.0392364171591,12.894011658336211,0.3073824362852533,12.552954137300325,87.44704586269967,20.0,
repeated10fold,muresk_maturity,muresk,maturity,VNIR_core,29,29.0,12,PLS,126,0.07893349322414245,1385.2951400241577,14.495195223227434,1132.3764714907875,20.945653770510035,0.32510711053937247,12.473292973050501,87.5267070269495,27.0,
repeated10fold,muresk_maturity,muresk,maturity,VNIR_core,29,29.0,12,SVR_rbf,126,0.03061571466172497,1421.1659811179034,14.870533899768338,1164.1621678599017,87.53738990545541,0.21163527244221725,12.950847056827843,87.04915294317216,36.0,
repeated10fold,muresk_maturity,muresk,maturity,VNIR_core,29,29.0,12,GPR,126,0.07713727266125847,1386.6452508142497,14.509322262953445,1104.9258220842128,0.7954167559847332,0.31362074778954235,12.20900882759424,87.79099117240577,58.0,
repeated10fold,muresk_maturity,muresk,maturity,VNIR_core,29,29.0,12,RandomForest,126,0.04286320189116655,1412.1597285091664,14.776295938469296,1153.3928191106402,-7.583563661132454,0.2382212209934988,12.725885331348827,87.27411466865118,46.0,
repeated10fold,muresk_maturity,muresk,maturity,VNIR_core,29,29.0,12,ExtraTrees,126,0.0908986919717556,1376.2678250012814,14.400736872932576,1121.9536407545547,0.11900459725272831,0.3041381343772921,12.353682198241316,87.64631780175868,39.0,
repeated10fold,muresk_maturity,muresk,maturity,VNIR_core,29,29.0,12,MLP,126,-3.513393811065564,3066.53856003498,32.0870793544303,2355.100873182359,-779.7666375873637,0.030413805791833462,24.33640891031473,75.66359108968527,117.0,
repeated10fold,muresk_maturity,muresk,maturity,VNIR_core,29,29.0,12,XGBoost,126,-0.04588497127950597,1476.1781638406194,15.446160208691737,1201.196851936403,-22.815788746842532,0.21357435513785836,13.20511754317135,86.79488245682865,30.0,
repeated10fold,muresk_maturity,muresk,maturity,VNIR_core,29,29.0,12,LightGBM,126,-0.061453387109807744,1487.1243307860154,15.560696687045935,1211.10105218198,-27.673342468510263,0.20872400633247382,13.303823146317212,86.69617685368279,22.0,
repeated10fold,muresk_maturity,muresk,maturity,Fused_core,69,38.0,12,Ridge,126,0.2117725666499014,1281.511738143685,13.409245646329412,1030.0194596100025,10.214369687715184,0.4617588524980464,11.344892079273603,88.6551079207264,20.0,
repeated10fold,muresk_maturity,muresk,maturity,Fused_core,69,38.0,12,PLS,126,0.2048541409445398,1287.1234902484262,13.467964860706475,1036.2780816741708,8.053759852740653,0.45880690506364613,11.398796845961288,88.60120315403871,25.0,
repeated10fold,muresk_maturity,muresk,maturity,Fused_core,69,38.0,12,SVR_rbf,126,0.17005187696611168,1314.9895122153175,13.75954419050748,1049.6121439112023,78.6403887426748,0.41835025116570884,11.642857875960141,88.35714212403985,37.0,
repeated10fold,muresk_maturity,muresk,maturity,Fused_core,69,38.0,12,GPR,126,0.1768227977192005,1309.6145233405423,13.703302375451965,1040.7399295521673,7.387283783772077,0.428831431798892,11.45049973638703,88.54950026361297,54.0,
repeated10fold,muresk_maturity,muresk,maturity,Fused_core,69,38.0,12,RandomForest,126,0.1526489630387764,1328.7047824663416,13.903055500180054,1072.4914907326431,11.652527834447259,0.4124087668998338,11.81560340574294,88.18439659425707,49.0,
repeated10fold,muresk_maturity,muresk,maturity,Fused_core,69,38.0,12,ExtraTrees,126,0.19504293386354987,1295.039974304845,13.55079990326452,1044.5707515794147,26.612354223530822,0.4483400720104149,11.51389680007395,88.48610319992605,40.0,
repeated10fold,muresk_maturity,muresk,maturity,Fused_core,69,38.0,12,MLP,126,-2.9206525143789848,2858.0906020229354,29.905960141657335,2433.3240034150876,-1047.5400243116037,0.22474707541728278,25.45621540158141,74.5437845984186,111.0,
repeated10fold,muresk_maturity,muresk,maturity,Fused_core,69,38.0,12,XGBoost,126,0.07078869887708772,1391.4065936784475,14.559143122312024,1140.3796899895533,18.42317454680819,0.37008112563612955,12.495666792575213,87.50433320742479,28.0,
repeated10fold,muresk_maturity,muresk,maturity,Fused_core,69,38.0,12,LightGBM,126,0.06473700774002,1395.930159815625,14.60647597750592,1152.0163228025106,21.784706091262567,0.3646527626548477,12.645944902264054,87.35405509773595,24.0,
repeated10fold,muresk_maturity,muresk,maturity,Fused_all,220,148.0,12,Ridge,126,0.20698048182301132,1285.4013562465886,13.449945113263514,1029.822068791582,3.7161278639120883,0.4550962140525031,11.383971676913315,88.61602832308668,28.0,
repeated10fold,muresk_maturity,muresk,maturity,Fused_all,220,148.0,12,PLS,126,0.20688257418102185,1285.4807028003106,13.450775365065649,1041.9784799048623,2.3703351882604546,0.45926523453150864,11.505969041828294,88.4940309581717,34.0,
repeated10fold,muresk_maturity,muresk,maturity,Fused_all,220,148.0,12,SVR_rbf,126,0.16754439142863375,1316.9744738881575,13.780314065552258,1051.5376617364366,106.58662509454263,0.41620725155032334,11.712844169899684,88.28715583010032,45.0,
repeated10fold,muresk_maturity,muresk,maturity,Fused_all,220,148.0,12,GPR,126,0.10755321962633302,1363.6030975595038,14.268218038921269,1096.0478441032772,-16.806324330572043,0.3511730723166361,12.058839276299162,87.94116072370083,63.0,
repeated10fold,muresk_maturity,muresk,maturity,Fused_all,220,148.0,12,RandomForest,126,0.1185260738806263,1355.1942514585169,14.180231109411249,1088.8392069023819,14.52666614156691,0.3910056062599088,12.016719494030315,87.98328050596969,60.0,
repeated10fold,muresk_maturity,muresk,maturity,Fused_all,220,148.0,12,ExtraTrees,126,0.16403670448035645,1319.7462001290844,13.809316342256178,1060.5367649224177,36.99381566420984,0.42483361676683884,11.714740933669601,88.2852590663304,50.0,
repeated10fold,muresk_maturity,muresk,maturity,Fused_all,220,148.0,12,MLP,126,-2.683634892511544,2770.35296137398,28.9879072351772,2373.0398778632184,-1261.100032096874,0.21601489932467735,24.691072215893303,75.3089277841067,125.0,
repeated10fold,muresk_maturity,muresk,maturity,Fused_all,220,148.0,12,XGBoost,126,0.007085778885917993,1438.3105997430926,15.04992859106536,1169.1023561507932,11.282692155935235,0.32990477506288296,12.843516739887125,87.15648326011288,37.0,
repeated10fold,muresk_maturity,muresk,maturity,Fused_all,220,148.0,12,LightGBM,126,-0.024033996875265196,1460.6763683267905,15.283955386202008,1190.2025485667739,20.972126309148216,0.31818802268795743,13.104666330150625,86.89533366984938,32.0,
repeated10fold,muresk_maturity,muresk,maturity,LiDAR_PCA,72,0.0,10,Ridge,128,0.1625228331082329,1316.9065719151083,13.754409628927608,1063.154302893122,6.1446113655202765,0.4032487211723013,11.734641519224157,88.26535848077584,0.0,
repeated10fold,muresk_maturity,muresk,maturity,LiDAR_PCA,72,0.0,10,SVR_rbf,128,0.1429683568804938,1332.19225958371,13.91406074931654,1072.9021102189304,118.72136005103357,0.3870429977557437,11.967687452257724,88.03231254774228,84.0,
repeated10fold,muresk_maturity,muresk,maturity,LiDAR_PCA,72,0.0,10,GPR,128,0.15487031458685807,1322.909562541866,13.817107768522252,1066.4019207776498,19.636177190125522,0.39407900903918264,11.772196563308457,88.22780343669154,5.0,
repeated10fold,muresk_maturity,muresk,maturity,LiDAR_PCA,72,0.0,10,RandomForest,128,0.21016346522469542,1278.9014704454573,13.35746595444784,1014.7959651020446,17.358144958989,0.45916005028161694,11.210714742755231,88.78928525724477,32.0,
repeated10fold,muresk_maturity,muresk,maturity,LiDAR_PCA,72,0.0,10,ExtraTrees,128,0.22355307797890234,1268.0149201517563,13.243761554015144,1009.8918894210071,16.95751676635289,0.4762204673843868,11.148728261017986,88.851271738982,22.0,
repeated10fold,muresk_maturity,muresk,maturity,LiDAR_PCA,72,0.0,10,MLP,128,-0.5707066368356717,1803.4994606927949,18.836621273629575,1499.621703736693,-220.8192131156968,0.24011078068915193,16.04530264875658,83.95469735124342,97.0,
repeated10fold,muresk_maturity,muresk,maturity,LiDAR_PCA,72,0.0,10,XGBoost,128,0.18417518693519774,1299.7712679153465,13.575440220349003,1040.955087742661,5.2869302923037935,0.44555798521114487,11.448267320250913,88.55173267974908,7.0,
repeated10fold,muresk_maturity,muresk,maturity,LiDAR_PCA,72,0.0,10,LightGBM,128,0.1763905384842288,1305.9577919331794,13.640055271511459,1034.12601382867,18.5299473078112,0.4417561205958438,11.401107735386876,88.59889226461313,4.0,
repeated10fold,muresk_maturity,muresk,maturity,VNIR_PCA,139,139.0,17,Ridge,126,0.13763692701713415,1340.423061983174,14.025671067339172,1097.8248452002442,1.0874872835527942,0.37521192081041405,12.132631452789616,87.86736854721039,1.0,
repeated10fold,muresk_maturity,muresk,maturity,VNIR_PCA,139,139.0,17,SVR_rbf,126,-0.013530456147839987,1453.1659642030847,15.205369407782602,1173.9537886104692,36.33062243443715,-0.03612598976103475,12.996744209698507,87.0032557903015,127.0,
repeated10fold,muresk_maturity,muresk,maturity,VNIR_PCA,139,139.0,17,GPR,126,0.11376704768778967,1358.8476342631827,14.218458701098239,1114.9205569941064,-3.816629202531254,0.3375508006790379,12.308131331419778,87.69186866858023,6.0,
repeated10fold,muresk_maturity,muresk,maturity,VNIR_PCA,139,139.0,17,RandomForest,126,0.08997207517568506,1376.9690384281853,14.40807410037419,1115.0095264980996,14.060912099767176,0.30030247637631957,12.322645020958694,87.67735497904131,33.0,
repeated10fold,muresk_maturity,muresk,maturity,VNIR_PCA,139,139.0,17,ExtraTrees,126,0.0852103083341803,1380.566867952958,14.445720403919704,1121.6026553190675,10.07665914008278,0.29295119376418016,12.384816523849402,87.6151834761506,21.0,
repeated10fold,muresk_maturity,muresk,maturity,VNIR_PCA,139,139.0,17,MLP,126,-2.9500178361538723,2868.774050894092,30.017747639188062,2177.3748631186936,-317.18214699049173,0.11778513653418647,22.819933345142204,77.1800666548578,90.0,
repeated10fold,muresk_maturity,muresk,maturity,VNIR_PCA,139,139.0,17,XGBoost,126,0.07684350653412142,1386.8659320603442,14.511631386584808,1116.9382554384993,12.524770373941154,0.31259120972860177,12.317997905001288,87.68200209499871,9.0,
repeated10fold,muresk_maturity,muresk,maturity,VNIR_PCA,139,139.0,17,LightGBM,126,0.021120861693138315,1428.1089866673808,14.943182837866736,1159.140570892741,22.080515078773896,0.26226277177865037,12.764933480118462,87.23506651988154,4.0,
repeated10fold,muresk_maturity,muresk,maturity,Fused_PCA,211,139.0,27,Ridge,126,0.196045027869161,1294.2336232611167,13.542362556261997,1038.5865795855407,5.172415869921556,0.4442542945603995,11.46628620900617,88.53371379099383,1.0,
repeated10fold,muresk_maturity,muresk,maturity,Fused_PCA,211,139.0,27,SVR_rbf,126,0.09152321934530028,1375.7950148814155,14.395789569796252,1117.1295525824949,83.47910828211789,0.33022567165217787,12.433800660974319,87.56619933902569,156.0,
repeated10fold,muresk_maturity,muresk,maturity,Fused_PCA,211,139.0,27,GPR,126,0.20235409351992062,1289.145348466709,13.489120807003365,1045.3950244846258,7.980586063057051,0.44993717873253264,11.536408452205343,88.46359154779466,5.0,
repeated10fold,muresk_maturity,muresk,maturity,Fused_PCA,211,139.0,27,RandomForest,126,0.18951609192995067,1299.4782466686613,13.597240277238729,1035.7802683210502,9.430756055044828,0.4399613793548457,11.468781244401365,88.53121875559863,29.0,
repeated10fold,muresk_maturity,muresk,maturity,Fused_PCA,211,139.0,27,ExtraTrees,126,0.19708742213823216,1293.394310521105,13.533580310754658,1032.687333768524,13.911488811013795,0.45034567968330297,11.432335235111829,88.56766476488818,20.0,
repeated10fold,muresk_maturity,muresk,maturity,Fused_PCA,211,139.0,27,MLP,126,-1.5410685605442471,2300.9384793205622,24.076134746135025,1823.788176512146,-487.62003191268406,0.23639161896072922,19.308903452914834,80.69109654708517,90.0,
repeated10fold,muresk_maturity,muresk,maturity,Fused_PCA,211,139.0,27,XGBoost,126,0.18218758993308737,1305.340052214795,13.658575954595051,1066.2211558009408,-14.290914304878221,0.43551689329474147,11.716167325803173,88.28383267419683,10.0,
repeated10fold,muresk_maturity,muresk,maturity,Fused_PCA,211,139.0,27,LightGBM,126,0.18803465443151313,1300.6653257047751,13.60966141543284,1062.7111885422091,-0.485365798059659,0.4458706480065509,11.70468927266337,88.29531072733663,5.0,
repeated10fold,muresk_maturity,muresk,maturity,Fused_PCA_joint,211,139.0,22,Ridge,126,0.19153911364353648,1297.8554413335025,13.580259866737892,1047.7186487831689,11.333995148623188,0.43816125357522373,11.578696970567412,88.4213030294326,1.0,
repeated10fold,muresk_maturity,muresk,maturity,Fused_PCA_joint,211,139.0,22,SVR_rbf,126,0.09642882119769025,1372.0754711533257,14.356869695668165,1114.906627458785,88.37920396093097,0.33816605845746434,12.411458228918063,87.58854177108194,152.0,
repeated10fold,muresk_maturity,muresk,maturity,Fused_PCA_joint,211,139.0,22,GPR,126,0.1921284803392942,1297.382287813138,13.575308970390909,1051.0993275599765,9.570434913765453,0.4383749608484159,11.598575730526418,88.40142426947358,5.0,
repeated10fold,muresk_maturity,muresk,maturity,Fused_PCA_joint,211,139.0,22,RandomForest,126,0.23547136024350568,1262.0997916915405,13.20612650921776,1009.1238632201033,28.58168384086956,0.4863186328651305,11.183509330124505,88.81649066987549,29.0,
repeated10fold,muresk_maturity,muresk,maturity,Fused_PCA_joint,211,139.0,22,ExtraTrees,126,0.19888548392269423,1291.9452696112664,13.518418104328248,1041.1507962733913,24.98510083831547,0.449972268730427,11.495132981693477,88.50486701830653,21.0,
repeated10fold,muresk_maturity,muresk,maturity,Fused_PCA_joint,211,139.0,22,MLP,126,-1.2749878879631749,2177.1400145759085,22.7807552540953,1711.1748997108054,-270.1000549750396,0.26381816116521495,18.05273127932637,81.94726872067363,92.0,
repeated10fold,muresk_maturity,muresk,maturity,Fused_PCA_joint,211,139.0,22,XGBoost,126,0.1875259842699316,1301.0726744039262,13.61392375545521,1039.9402125796655,54.32212667974483,0.4522403587391412,11.498620358918405,88.5013796410816,11.0,
repeated10fold,muresk_maturity,muresk,maturity,Fused_PCA_joint,211,139.0,22,LightGBM,126,0.1856907232905639,1302.5413127586962,13.629291022003438,1043.5553589929393,47.32807074038282,0.4529534875755754,11.52409353204306,88.47590646795695,5.0,
repeated10fold,muresk_maturity,muresk,maturity,VNIR_bands_PCA,153,153.0,7,Ridge,126,-0.01672387017903243,1455.4534687125088,15.229304974637717,1158.0058211045905,3.298698642795263,0.021575536729144765,12.786680051380605,87.2133199486194,1.0,
repeated10fold,muresk_maturity,muresk,maturity,VNIR_bands_PCA,153,153.0,7,SVR_rbf,126,-0.01562837805843853,1454.6691517627708,15.221098183915025,1168.5566278338415,-3.92948705001023,-0.20897995739988146,12.884501241319843,87.11549875868016,121.0,
repeated10fold,muresk_maturity,muresk,maturity,VNIR_bands_PCA,153,153.0,7,GPR,126,-0.020370414601271536,1458.0611705619833,15.256590963233219,1162.4762133574839,-10.312302657771657,-0.11642652799959616,12.815032105257693,87.1849678947423,8.0,
repeated10fold,muresk_maturity,muresk,maturity,VNIR_bands_PCA,153,153.0,7,RandomForest,126,0.03588463871461367,1417.2984651900215,14.83006570148778,1130.63928680936,19.186461361914713,0.21374592673395923,12.452342444644335,87.54765755535567,28.0,
repeated10fold,muresk_maturity,muresk,maturity,VNIR_bands_PCA,153,153.0,7,ExtraTrees,126,0.03499957690848643,1417.9488588236695,14.836871170170438,1135.2040733870788,0.6929547486309723,0.19319721594081074,12.48117379658181,87.51882620341819,22.0,
repeated10fold,muresk_maturity,muresk,maturity,VNIR_bands_PCA,153,153.0,7,MLP,126,-2.925086406053171,2859.7062620768666,29.922865786685215,2320.254419003398,-844.5553607085706,0.06652226188164188,24.37445705745347,75.62554294254653,81.0,
repeated10fold,muresk_maturity,muresk,maturity,VNIR_bands_PCA,153,153.0,7,XGBoost,126,-0.02302408971665626,1459.955927694888,15.276416972686754,1184.5633730346622,17.58138697240354,0.23099539870812202,12.910130775759235,87.08986922424077,6.0,
repeated10fold,muresk_maturity,muresk,maturity,VNIR_bands_PCA,153,153.0,7,LightGBM,126,0.006828908880037954,1438.4966354309738,15.051875196908702,1190.028139161018,-5.872390242162524,0.2793940009026198,12.89812252494788,87.10187747505212,4.0,
repeated10fold,muresk_maturity,muresk,maturity,Fused_bands_PCA,225,153.0,17,Ridge,126,0.20871244982463266,1283.996919879378,13.435249631605389,1019.0198028725773,4.13670201811944,0.4573908155084593,11.225238206419162,88.77476179358084,1.0,
repeated10fold,muresk_maturity,muresk,maturity,Fused_bands_PCA,225,153.0,17,SVR_rbf,126,0.014863746208034767,1432.6660398378808,14.990866088490046,1147.060491976339,53.962306706277055,0.13336998391244145,12.717272349025107,87.28272765097489,171.0,
repeated10fold,muresk_maturity,muresk,maturity,Fused_bands_PCA,225,153.0,17,GPR,126,0.15201304608046462,1329.203269751055,13.908271479287645,1051.62394153761,3.56349292362996,0.39118359328110913,11.550144526926378,88.44985547307363,6.0,
repeated10fold,muresk_maturity,muresk,maturity,Fused_bands_PCA,225,153.0,17,RandomForest,126,0.22952419283535042,1266.9991361821533,13.257391364486102,1017.4988767558339,13.774710923641463,0.4868711440241722,11.229911119835238,88.77008888016476,29.0,
repeated10fold,muresk_maturity,muresk,maturity,Fused_bands_PCA,225,153.0,17,ExtraTrees,126,0.23001883300546233,1266.592368519633,13.253135104207425,1015.505549628367,12.214861630324062,0.48797839050397435,11.192061604700704,88.80793839529929,20.0,
repeated10fold,muresk_maturity,muresk,maturity,Fused_bands_PCA,225,153.0,17,MLP,126,-1.3866293378097962,2229.9201042796485,23.33302580067487,1795.954188228961,-482.32496203610094,0.26602759257555025,19.20659513949818,80.79340486050182,93.0,
repeated10fold,muresk_maturity,muresk,maturity,Fused_bands_PCA,225,153.0,17,XGBoost,126,0.26197227002660683,1240.0327506146327,12.97522548374879,1000.7640573799753,10.983916734308234,0.5138345861981534,10.952236816197225,89.04776318380277,9.0,
repeated10fold,muresk_maturity,muresk,maturity,Fused_bands_PCA,225,153.0,17,LightGBM,126,0.26576857067767135,1236.839370286249,12.941811180944605,999.6583089149412,11.701230176395018,0.520408724530515,10.918844301866006,89.081155698134,5.0,
repeated10fold,agt_anthesis,agt,anthesis,LiDAR_core,32,0.0,12,Ridge,252,0.12637242751870537,1422.942965607975,15.132715956351946,1095.2975159729438,4.77677658660618,0.35763940484328466,12.222177681947441,87.77782231805256,20.0,
repeated10fold,agt_anthesis,agt,anthesis,LiDAR_core,32,0.0,12,PLS,252,0.12344243616670458,1425.3271169712298,15.15807093279801,1101.9259688371,3.3217701991586277,0.35724374244797225,12.285561022076543,87.71443897792346,24.0,
repeated10fold,agt_anthesis,agt,anthesis,LiDAR_core,32,0.0,12,SVR_rbf,252,0.09632419469561693,1447.2069992964236,15.390759137728343,1122.4004858708886,-37.695781430051994,0.311354317540175,12.491978484489785,87.50802151551022,44.0,
repeated10fold,agt_anthesis,agt,anthesis,LiDAR_core,32,0.0,12,GPR,252,0.11483631547352968,1432.3070211518825,15.232300828107439,1112.2766168996927,-5.426879751859757,0.34084876792152474,12.387413756654798,87.6125862433452,142.0,
repeated10fold,agt_anthesis,agt,anthesis,LiDAR_core,32,0.0,12,RandomForest,252,0.031539804089614765,1498.184207313456,15.93289162498514,1160.0508366939289,5.897042931771697,0.25357001254112915,12.908486224585069,87.09151377541494,52.0,
repeated10fold,agt_anthesis,agt,anthesis,LiDAR_core,32,0.0,12,ExtraTrees,252,0.04243781789448253,1489.7308786133306,15.842992152415613,1159.779096130474,-8.316214451274167,0.26019071272421285,12.872362125327278,87.12763787467273,43.0,
repeated10fold,agt_anthesis,agt,anthesis,LiDAR_core,32,0.0,12,MLP,252,-2.821780668436087,2976.166380983729,31.65093863268632,2402.4443487013646,-1133.3879574839782,0.033167262648290466,25.25059656966474,74.74940343033526,112.0,
repeated10fold,agt_anthesis,agt,anthesis,LiDAR_core,32,0.0,12,XGBoost,252,-0.11436608040457275,1607.082859365549,17.09100717097951,1274.7567100856893,16.773792091641884,0.16841775765722872,14.148005402765722,85.85199459723428,39.0,
repeated10fold,agt_anthesis,agt,anthesis,LiDAR_core,32,0.0,12,LightGBM,252,-0.10913235511831432,1603.3045097707425,17.050825173117374,1272.9764241160199,14.967196560721886,0.17882086868427388,14.126562602232445,85.87343739776756,36.0,
repeated10fold,agt_anthesis,agt,anthesis,VNIR_core,13,13.0,13,Ridge,252,0.013930492084366253,1511.743436036064,16.077091330669596,1182.0096102163136,5.31877004208019,0.1489471384388256,13.17731270515869,86.82268729484132,0.0,
repeated10fold,agt_anthesis,agt,anthesis,VNIR_core,13,13.0,13,PLS,252,0.008914600264554595,1515.583491447243,16.11792955763901,1192.9533850270502,4.75294883576931,0.1486381184422755,13.285701505262615,86.71429849473739,8.0,
repeated10fold,agt_anthesis,agt,anthesis,VNIR_core,13,13.0,13,SVR_rbf,252,0.029634422665803406,1499.657272331685,15.948557379020878,1181.3739775740505,-15.31731529896409,0.18129928897981398,13.189301632740625,86.81069836725938,33.0,
repeated10fold,agt_anthesis,agt,anthesis,VNIR_core,13,13.0,13,GPR,252,-0.019189531236788904,1536.9219174166549,16.34485948171561,1206.617800383885,2.878113373507916,0.08049172933157274,13.470368706928737,86.52963129307126,187.0,
repeated10fold,agt_anthesis,agt,anthesis,VNIR_core,13,13.0,13,RandomForest,252,0.0196225655330875,1507.3738613900168,16.030621771757616,1175.2030764478375,3.963540050379509,0.18975250669792967,13.140850392640631,86.85914960735937,37.0,
repeated10fold,agt_anthesis,agt,anthesis,VNIR_core,13,13.0,13,ExtraTrees,252,0.0176788466514064,1508.8673985440423,16.046505242893417,1185.0037046153736,6.954906749550442,0.1816319865293767,13.238822204496191,86.76117779550381,26.0,
repeated10fold,agt_anthesis,agt,anthesis,VNIR_core,13,13.0,13,MLP,252,-3.053587755139346,3065.0962487603874,32.59669012211802,2513.8324470496423,-891.299072150596,-0.08086994143603429,26.81828828318928,73.18171171681072,89.0,
repeated10fold,agt_anthesis,agt,anthesis,VNIR_core,13,13.0,13,XGBoost,252,-0.04049652328950315,1552.9041250451342,16.514827087053803,1206.9041330695682,-2.0984332307786704,0.1968835444612592,13.473183047263463,86.52681695273654,10.0,
repeated10fold,agt_anthesis,agt,anthesis,VNIR_core,13,13.0,13,LightGBM,252,-0.07709870023599374,1579.9817763748613,16.802792533485327,1225.6737796838652,3.917433004614792,0.1752738553266398,13.686965130488367,86.31303486951163,4.0,
repeated10fold,agt_anthesis,agt,anthesis,Fused_core,48,16.0,12,Ridge,252,0.14425548994892734,1408.3039186106716,14.97703259768182,1090.9370759175454,6.83639162714905,0.3819814700483438,12.127959165708244,87.87204083429175,24.0,
repeated10fold,agt_anthesis,agt,anthesis,Fused_core,48,16.0,12,PLS,252,0.14203870694210896,1410.1268254309628,14.99641884983183,1093.2428172815555,2.4148039892445756,0.38270689866574004,12.131338318746481,87.86866168125351,30.0,
repeated10fold,agt_anthesis,agt,anthesis,Fused_core,48,16.0,12,SVR_rbf,252,0.11661398683058066,1430.8680495454757,15.2169976507382,1119.1094200639225,-30.001516320734083,0.3421014354770159,12.42011720122159,87.57988279877841,56.0,
repeated10fold,agt_anthesis,agt,anthesis,Fused_core,48,16.0,12,GPR,252,0.13304399990683025,1417.4993069016953,15.074823726686748,1103.6768832948676,5.350983088554174,0.3693501139140717,12.258032850914045,87.74196714908595,180.0,
repeated10fold,agt_anthesis,agt,anthesis,Fused_core,48,16.0,12,RandomForest,252,0.06458799938086057,1472.3999550892763,15.658681221275298,1145.8576852094834,23.034566234044295,0.2923997931462037,12.730951627248466,87.26904837275154,55.0,
repeated10fold,agt_anthesis,agt,anthesis,Fused_core,48,16.0,12,ExtraTrees,252,0.08771300336168375,1454.0859201822566,15.463915095744587,1139.9247975946812,6.192469088409759,0.3115340804763684,12.634934611624482,87.36506538837551,44.0,
repeated10fold,agt_anthesis,agt,anthesis,Fused_core,48,16.0,12,MLP,252,-2.197475904732731,2722.2497532451375,28.95058570426019,2208.784013255199,-868.0034654405022,0.05186704325483795,23.231099362440894,76.76890063755911,119.0,
repeated10fold,agt_anthesis,agt,anthesis,Fused_core,48,16.0,12,XGBoost,252,-0.05982783799794111,1567.2633875242013,16.66753499291536,1234.6532991582342,33.46467324553573,0.21239453218999124,13.668952123649234,86.33104787635077,34.0,
repeated10fold,agt_anthesis,agt,anthesis,Fused_core,48,16.0,12,LightGBM,252,-0.08729792666838887,1587.444705960096,16.8821593080822,1249.418531721559,27.492563631618186,0.1957037752290187,13.837815709840779,86.16218429015922,27.0,
repeated10fold,agt_anthesis,agt,anthesis,Fused_all,144,67.0,12,Ridge,252,0.1596207005872059,1395.6033394054643,14.841964459155665,1077.145447485772,3.5773924663151173,0.39989386493869866,11.98758787334314,88.01241212665686,40.0,
repeated10fold,agt_anthesis,agt,anthesis,Fused_all,144,67.0,12,PLS,252,0.15077149948305968,1402.931954794053,14.919902828935285,1087.604060784734,9.589736538828454,0.3963487450346354,12.080717699251219,87.91928230074878,48.0,
repeated10fold,agt_anthesis,agt,anthesis,Fused_all,144,67.0,12,SVR_rbf,252,0.11449321894362685,1432.584581091919,15.235252622968481,1110.4287915700868,-29.568105439583537,0.3396400558434195,12.31897098126804,87.68102901873196,70.0,
repeated10fold,agt_anthesis,agt,anthesis,Fused_all,144,67.0,12,GPR,252,0.11901479197215559,1428.9223697933426,15.196305732830954,1107.9268824871867,17.42666332324941,0.35377226896035124,12.347496350967205,87.6525036490328,190.0,
repeated10fold,agt_anthesis,agt,anthesis,Fused_all,144,67.0,12,RandomForest,252,0.12497371696026827,1424.0816026081093,15.144825134805954,1117.1893687117063,31.05159407826467,0.36575996218209483,12.392096716909618,87.60790328309038,76.0,
repeated10fold,agt_anthesis,agt,anthesis,Fused_all,144,67.0,12,ExtraTrees,252,0.12503953201678097,1424.0280454890624,15.14425556547706,1111.76923264879,12.600510515327974,0.359232372956833,12.31928737802949,87.68071262197051,66.0,
repeated10fold,agt_anthesis,agt,anthesis,Fused_all,144,67.0,12,MLP,252,-1.8383657905236874,2564.8295509626296,27.27645310407208,2098.65128777979,-758.4392126431447,0.08279177779987104,22.1169270637355,77.8830729362645,147.0,
repeated10fold,agt_anthesis,agt,anthesis,Fused_all,144,67.0,12,XGBoost,252,0.06463666408489,1472.3616538701606,15.658273895413565,1175.7320362442956,39.58800301364094,0.34546554457042933,12.969405358193395,87.0305946418066,55.0,
repeated10fold,agt_anthesis,agt,anthesis,Fused_all,144,67.0,12,LightGBM,252,0.05431691498310531,1480.4615666987163,15.74441486034913,1180.6510383640689,33.26225651107943,0.33866197189954567,13.033017815957571,86.96698218404242,49.0,
repeated10fold,agt_anthesis,agt,anthesis,LiDAR_PCA,77,0.0,13,Ridge,252,0.13993221512280518,1411.8568566193017,15.014817388073718,1095.860841730689,3.1956270533419375,0.37477095649710895,12.250694721121377,87.74930527887862,1.0,
repeated10fold,agt_anthesis,agt,anthesis,LiDAR_PCA,77,0.0,13,SVR_rbf,252,0.06953015875868573,1468.505162029549,15.617260870280102,1145.3222727878906,-45.21048084073579,0.26596383759650694,12.74143799942398,87.25856200057602,143.0,
repeated10fold,agt_anthesis,agt,anthesis,LiDAR_PCA,77,0.0,13,GPR,252,0.13284684052923523,1417.6604785146237,15.076537754794424,1098.4383658733907,-2.93846546923107,0.36476750996744023,12.26997158032583,87.73002841967417,17.0,
repeated10fold,agt_anthesis,agt,anthesis,LiDAR_PCA,77,0.0,13,RandomForest,252,0.08728388972503809,1454.4278601323936,15.467551559232314,1123.2366965941428,-1.2122878645083317,0.30309637849965454,12.560696908580752,87.43930309141925,34.0,
repeated10fold,agt_anthesis,agt,anthesis,LiDAR_PCA,77,0.0,13,ExtraTrees,252,0.09906364193685446,1445.0117671445767,15.367413279591325,1111.4676665931,-0.7160294169746427,0.3178924901424063,12.428815527969354,87.57118447203065,24.0,
repeated10fold,agt_anthesis,agt,anthesis,LiDAR_PCA,77,0.0,13,MLP,252,-1.8010879031196536,2547.9311941577316,27.096742434116766,2065.3483081919726,-635.6112140713957,0.08759414738154449,22.25472797720793,77.74527202279207,64.0,
repeated10fold,agt_anthesis,agt,anthesis,LiDAR_PCA,77,0.0,13,XGBoost,252,0.03849806050870819,1492.7923788207597,15.875550599352062,1178.4618206781993,-13.575165466641836,0.28345276934021735,13.154445441351301,86.8455545586487,12.0,
repeated10fold,agt_anthesis,agt,anthesis,LiDAR_PCA,77,0.0,13,LightGBM,252,0.020609220969737163,1506.6151571669564,16.022553102963464,1187.700670083879,-2.5025264014932924,0.270903911312492,13.262212130017994,86.737787869982,6.0,
repeated10fold,agt_anthesis,agt,anthesis,VNIR_PCA,64,64.0,12,Ridge,252,0.05539356375100912,1479.6185828942323,15.735449894937737,1159.832166283992,2.3911674351453573,0.23699320495159823,12.926023131499937,87.07397686850007,1.0,
repeated10fold,agt_anthesis,agt,anthesis,VNIR_PCA,64,64.0,12,SVR_rbf,252,0.03334452845503921,1496.7876241778163,15.918039240587545,1179.7277131399794,-38.0103292628517,0.18842631089839515,13.141360529915602,86.8586394700844,135.0,
repeated10fold,agt_anthesis,agt,anthesis,VNIR_PCA,64,64.0,12,GPR,252,0.041677836941287016,1490.3219329405672,15.849277897849568,1162.753014961757,14.78995630576229,0.20614618070179963,13.015871443573717,86.98412855642628,18.0,
repeated10fold,agt_anthesis,agt,anthesis,VNIR_PCA,64,64.0,12,RandomForest,252,0.0031986144865872035,1519.9476959606002,16.16434200625591,1179.1276243213208,2.4518868190034158,0.16208701920497126,13.174883799332541,86.82511620066745,37.0,
repeated10fold,agt_anthesis,agt,anthesis,VNIR_PCA,64,64.0,12,ExtraTrees,252,0.020724701498342157,1506.5263316197688,16.02160846090279,1172.5841884624895,1.7038380211435022,0.17811804639890372,13.104516320411832,86.89548367958817,26.0,
repeated10fold,agt_anthesis,agt,anthesis,VNIR_PCA,64,64.0,12,MLP,252,-3.4729766005659766,3219.7536190177016,34.2414405521961,2681.629012495497,-967.2880796706796,-0.07099582592136622,28.594543594156796,71.40545640584321,81.0,
repeated10fold,agt_anthesis,agt,anthesis,VNIR_PCA,64,64.0,12,XGBoost,252,-0.042758584305371494,1554.591231475186,16.532769129012742,1208.3257867031248,0.8630030136408687,0.17748461845875974,13.498810950763266,86.50118904923673,12.0,
repeated10fold,agt_anthesis,agt,anthesis,VNIR_PCA,64,64.0,12,LightGBM,252,-0.055524275741577256,1564.0781170986195,16.633660274279745,1215.647368848058,-11.145362378063448,0.18123249007418105,13.567768544896309,86.43223145510369,6.0,
repeated10fold,agt_anthesis,agt,anthesis,Fused_PCA,141,64.0,25,Ridge,252,0.17007732446395174,1386.8935942842872,14.749338048852087,1069.7745859708052,4.0790270556447625,0.4129149253659507,11.92273059857775,88.07726940142226,1.0,
repeated10fold,agt_anthesis,agt,anthesis,Fused_PCA,141,64.0,25,SVR_rbf,252,0.08245782783196498,1458.2679943467913,15.508390624258311,1129.8856743269596,-48.304073829843134,0.28925893921677853,12.548936978396544,87.45106302160346,254.0,
repeated10fold,agt_anthesis,agt,anthesis,Fused_PCA,141,64.0,25,GPR,252,0.15787696578057853,1397.0504841984834,14.857354556741987,1079.5843196237101,2.2943667018579226,0.3973944565336717,12.031673242963354,87.96832675703665,21.0,
repeated10fold,agt_anthesis,agt,anthesis,Fused_PCA,141,64.0,25,RandomForest,252,0.08169654003306281,1458.8728338215167,15.514822971999177,1121.4332733867816,6.313281667714458,0.29140134367868764,12.527276318588845,87.47272368141115,43.0,
repeated10fold,agt_anthesis,agt,anthesis,Fused_PCA,141,64.0,25,ExtraTrees,252,0.09936082300079929,1444.7734231432983,15.364878538453821,1102.327890563509,3.3934070329740367,0.3163704101035248,12.31472121498967,87.68527878501033,29.0,
repeated10fold,agt_anthesis,agt,anthesis,Fused_PCA,141,64.0,25,MLP,252,-2.3622678522525624,2791.518311186441,29.687243066759596,2293.082518366894,-772.8367302649486,0.06392844809597528,24.64426912913384,75.35573087086615,80.0,
repeated10fold,agt_anthesis,agt,anthesis,Fused_PCA,141,64.0,25,XGBoost,252,0.001428872190225472,1521.2963712785854,16.17868490052342,1156.1608776933285,-15.309027383804558,0.24802534937946338,12.897819429794504,87.10218057020549,17.0,
repeated10fold,agt_anthesis,agt,anthesis,Fused_PCA,141,64.0,25,LightGBM,252,0.004445938319124321,1518.996422983164,16.154225406987756,1153.2668865992982,-7.631425444505021,0.2531208047754298,12.87416753443126,87.12583246556873,8.0,
repeated10fold,agt_anthesis,agt,anthesis,Fused_PCA_joint,141,64.0,23,Ridge,252,0.17357995133947413,1383.9638592441422,14.718180898311664,1068.812253476705,3.503572503702907,0.41717519554064925,11.905107851126429,88.09489214887357,1.0,
repeated10fold,agt_anthesis,agt,anthesis,Fused_PCA_joint,141,64.0,23,SVR_rbf,252,0.08776162739894611,1454.0471689612268,15.463502984201835,1125.992021509394,-50.57377031016183,0.2982777019372992,12.505683090626391,87.49431690937361,220.0,
repeated10fold,agt_anthesis,agt,anthesis,Fused_PCA_joint,141,64.0,23,GPR,252,0.15999988014221223,1395.288455424451,14.838615730528415,1078.6009651582876,2.4373735993093804,0.4000773508880874,12.01956582770422,87.98043417229579,19.0,
repeated10fold,agt_anthesis,agt,anthesis,Fused_PCA_joint,141,64.0,23,RandomForest,252,0.09668665295614143,1446.9167377127699,15.387672263408966,1117.9056577318981,4.999745248538826,0.3111497630015601,12.497071750058419,87.50292824994158,41.0,
repeated10fold,agt_anthesis,agt,anthesis,Fused_PCA_joint,141,64.0,23,ExtraTrees,252,0.1008435363591722,1443.583675184315,15.35222580509901,1110.9540044068463,5.868696969403775,0.31767894571522975,12.42869333734369,87.57130666265631,28.0,
repeated10fold,agt_anthesis,agt,anthesis,Fused_PCA_joint,141,64.0,23,MLP,252,-1.785525155842611,2540.843226629905,27.021363306562897,2060.615423999425,-577.2814706703022,0.0484874723929066,22.30981078490709,77.69018921509291,81.0,
repeated10fold,agt_anthesis,agt,anthesis,Fused_PCA_joint,141,64.0,23,XGBoost,252,0.05434912410283976,1480.436354885875,15.744146737724618,1141.1792951971727,8.692164254960362,0.29624413057164994,12.732795506043864,87.26720449395614,18.0,
repeated10fold,agt_anthesis,agt,anthesis,Fused_PCA_joint,141,64.0,23,LightGBM,252,0.04925574927048926,1484.4178936043527,15.786489611579857,1141.7307679982816,18.941706272332542,0.29749056357491993,12.747645490873,87.252354509127,8.0,
repeated10fold,agt_anthesis,agt,anthesis,VNIR_bands_PCA,112,112.0,10,Ridge,252,0.07152235372658144,1466.9322382821485,15.6005331384836,1151.6629257838706,-0.6194988562298448,0.2690655290134753,12.83595868938111,87.16404131061888,1.0,
repeated10fold,agt_anthesis,agt,anthesis,VNIR_bands_PCA,112,112.0,10,SVR_rbf,252,0.05183868448179396,1482.4001254731197,15.765031048071881,1154.3240828716218,-48.82333816827696,0.23061413573740722,12.83943393193626,87.16056606806374,211.0,
repeated10fold,agt_anthesis,agt,anthesis,VNIR_bands_PCA,112,112.0,10,GPR,252,0.05579197978644612,1479.306513274305,15.732131096481924,1153.9596443841597,7.310299344936514,0.23688960065947,12.897971439669362,87.10202856033064,15.0,
repeated10fold,agt_anthesis,agt,anthesis,VNIR_bands_PCA,112,112.0,10,RandomForest,252,0.06480240848198959,1472.2311984113712,15.656886527507382,1146.5714370566138,-3.252542319289645,0.26947538920539177,12.828127865287057,87.17187213471294,36.0,
repeated10fold,agt_anthesis,agt,anthesis,VNIR_bands_PCA,112,112.0,10,ExtraTrees,252,0.06732276392297898,1470.2460300909834,15.635774656516022,1149.7731698542723,1.4539251717551018,0.26434792572751886,12.8558008719063,87.1441991280937,25.0,
repeated10fold,agt_anthesis,agt,anthesis,VNIR_bands_PCA,112,112.0,10,MLP,252,-5.117060243933972,3765.2663732563014,40.04286039823528,3067.7079234360763,-1438.7280753982263,0.033511786698687616,32.79372662898148,67.20627337101851,63.0,
repeated10fold,agt_anthesis,agt,anthesis,VNIR_bands_PCA,112,112.0,10,XGBoost,252,0.009810592499248982,1514.898253781065,16.110642191092705,1186.2538370874256,-0.9903734899552914,0.2411059416434844,13.286148574689202,86.71385142531079,12.0,
repeated10fold,agt_anthesis,agt,anthesis,VNIR_bands_PCA,112,112.0,10,LightGBM,252,0.003739478306810873,1519.53527866501,16.159956030190465,1180.4719215175498,-21.09893767651143,0.24173033926187662,13.185047977016248,86.81495202298375,7.0,
repeated10fold,agt_anthesis,agt,anthesis,Fused_bands_PCA,189,112.0,23,Ridge,252,0.18492004880608903,1374.4357163044488,14.616850989676644,1068.6709650515936,1.0491938628562518,0.43008996373023434,11.911706245688421,88.08829375431158,2.0,
repeated10fold,agt_anthesis,agt,anthesis,Fused_bands_PCA,189,112.0,23,SVR_rbf,252,0.11037360256453399,1435.9130992227383,15.270650752511736,1114.3185607274054,-36.86551459215321,0.3374373040562611,12.396905755131359,87.60309424486864,305.0,
repeated10fold,agt_anthesis,agt,anthesis,Fused_bands_PCA,189,112.0,23,GPR,252,0.17694211564311924,1381.1457668190292,14.688211044818791,1075.9157409181496,0.4988314964237628,0.42077251618626954,11.993461339725108,88.00653866027488,17.0,
repeated10fold,agt_anthesis,agt,anthesis,Fused_bands_PCA,189,112.0,23,RandomForest,252,0.12651022776120402,1422.830738370263,15.131522441958248,1095.203647604758,-2.083697939084376,0.3560138951460917,12.261716456167786,87.73828354383221,38.0,
repeated10fold,agt_anthesis,agt,anthesis,Fused_bands_PCA,189,112.0,23,ExtraTrees,252,0.14610795871583493,1406.7787832513345,14.960813085905409,1082.6552843294528,-1.7897172012201281,0.3833412420299193,12.116044412753158,87.88395558724685,27.0,
repeated10fold,agt_anthesis,agt,anthesis,Fused_bands_PCA,189,112.0,23,MLP,252,-2.929835966208402,3017.946512244053,32.09526203444082,2447.83552156847,-930.1017607478354,0.1341869596307107,26.340342181987943,73.65965781801205,80.0,
repeated10fold,agt_anthesis,agt,anthesis,Fused_bands_PCA,189,112.0,23,XGBoost,252,0.06072030698391029,1475.4408160235841,15.69102017363941,1135.7890283675597,-5.498323561259916,0.3074037306503826,12.737952873786334,87.26204712621367,21.0,
repeated10fold,agt_anthesis,agt,anthesis,Fused_bands_PCA,189,112.0,23,LightGBM,252,0.05364014247824678,1480.9912137366566,15.750047551452,1142.7342754810106,2.3741583078907977,0.30426146488749334,12.817129271907088,87.18287072809291,10.0,
repeated10fold,agt_maturity,agt,maturity,LiDAR_core,31,0.0,12,Ridge,252,0.046382161142446976,1854.8228118656748,14.342133576828767,1466.5554719251827,-0.2425432831156459,0.21824635168267909,11.744449101425584,88.25555089857441,28.0,
repeated10fold,agt_maturity,agt,maturity,LiDAR_core,31,0.0,12,PLS,252,0.042656222944724154,1858.4428247711785,14.370124772703887,1474.7080898877691,1.6437331445152354,0.22559361316343107,11.794804088372945,88.20519591162706,35.0,
repeated10fold,agt_maturity,agt,maturity,LiDAR_core,31,0.0,12,SVR_rbf,252,0.015035293787929116,1885.061743296625,14.57595148710507,1492.051888121207,-93.13861940709388,0.17178481610717766,11.8619455065775,88.1380544934225,64.0,
repeated10fold,agt_maturity,agt,maturity,LiDAR_core,31,0.0,12,GPR,252,0.010658141045237213,1889.2456782220977,14.60830312371101,1502.6561558684748,7.965863097133522,0.14103923077968197,12.035711229636718,87.96428877036328,157.0,
repeated10fold,agt_maturity,agt,maturity,LiDAR_core,31,0.0,12,RandomForest,252,-0.016352358355874452,1914.861621102974,14.80637448241099,1496.0261740216165,1.824249436540124,0.15928187867708693,11.9729582544145,88.0270417455855,64.0,
repeated10fold,agt_maturity,agt,maturity,LiDAR_core,31,0.0,12,ExtraTrees,252,-0.020871921094282042,1919.114446103346,14.839258800979865,1508.9836370011758,-0.443640937489103,0.14393331111392121,12.065831333662173,87.93416866633783,52.0,
repeated10fold,agt_maturity,agt,maturity,LiDAR_core,31,0.0,12,MLP,252,-1.7063553703226781,3124.695174422413,24.161227310635407,2507.3848605838584,-740.2168278272741,0.04096288851915222,19.460235651322456,80.53976434867755,165.0,
repeated10fold,agt_maturity,agt,maturity,LiDAR_core,31,0.0,12,XGBoost,252,-0.15205884085089894,2038.6964924398685,15.763908676416666,1573.877246375586,-13.595788239537839,0.0837026357604773,12.588095310704375,87.41190468929562,37.0,
repeated10fold,agt_maturity,agt,maturity,LiDAR_core,31,0.0,12,LightGBM,252,-0.13857328455604923,2026.7292711539883,15.671373968989318,1566.5122975870192,6.170710271811163,0.11477149069364893,12.544276504175954,87.45572349582405,34.0,
repeated10fold,agt_maturity,agt,maturity,LiDAR_PCA,75,0.0,12,Ridge,252,0.05472576867632295,1846.6906685713952,14.279253023146577,1460.1920813049746,-0.0908941680491331,0.2347126908072553,11.691743834926092,88.30825616507391,1.0,
repeated10fold,agt_maturity,agt,maturity,LiDAR_PCA,75,0.0,12,SVR_rbf,252,0.015207390553837241,1884.8970535369722,14.57467804873858,1507.1835293244433,-105.3455958655476,0.14656428678739888,11.967048167470885,88.03295183252911,152.0,
repeated10fold,agt_maturity,agt,maturity,LiDAR_PCA,75,0.0,12,GPR,252,0.04175733202296994,1859.3151056973697,14.376869551493499,1470.8387046281064,-1.6080341147342494,0.2047021000913223,11.775546368695082,88.22445363130493,18.0,
repeated10fold,agt_maturity,agt,maturity,LiDAR_PCA,75,0.0,12,RandomForest,252,-0.03173188257963755,1929.2951425245133,14.917979478256127,1522.5757175254214,9.505076315814684,0.10341863216183343,12.1748961971519,87.8251038028481,36.0,
repeated10fold,agt_maturity,agt,maturity,LiDAR_PCA,75,0.0,12,ExtraTrees,252,-0.025930633100965883,1923.8634503671408,14.875979749780232,1517.6003486503375,-10.604557427391214,0.10952701395849139,12.111418821220262,87.88858117877973,25.0,
repeated10fold,agt_maturity,agt,maturity,LiDAR_PCA,75,0.0,12,MLP,252,-1.6328490855994078,3081.968731911413,23.83085163171054,2488.7446959144436,-671.0547476883239,-0.008070328353612441,19.26080413216037,80.73919586783963,80.0,
repeated10fold,agt_maturity,agt,maturity,LiDAR_PCA,75,0.0,12,XGBoost,252,-0.10254988700363366,1994.4096632987978,15.421467546637512,1568.9274425335946,23.233333474251868,0.09554976506117463,12.507349481943283,87.49265051805672,11.0,
repeated10fold,agt_maturity,agt,maturity,LiDAR_PCA,75,0.0,12,LightGBM,252,-0.12504385887507619,2014.6516873164076,15.577985900018081,1586.4736709401202,26.99083949854533,0.0823179396402802,12.658524593326037,87.34147540667396,5.0,
pooled_group10fold,muresk_anthesis,muresk,anthesis,Fused_core+flags,34,,12,Ridge,128,0.188410431809668,1718.5323776489415,18.7252349674566,1363.6321544242924,-440.6224455431436,0.4917351423329353,14.79626055226909,85.20373944773091,,
pooled_group10fold,muresk_maturity,muresk,maturity,Fused_core+flags,34,,12,Ridge,128,0.02713242163990448,1419.369087851213,14.824577737927335,1121.9616876354078,468.9096247710456,0.40461851333062276,12.898823060957954,87.10117693904205,,
pooled_group10fold,agt_anthesis,agt,anthesis,Fused_core+flags,34,,12,Ridge,252,0.0045387048465087565,1518.925650680875,16.153472757602643,1189.0617196816897,237.08646901947375,0.21583788236191243,13.535777968264595,86.4642220317354,,
pooled_group10fold,agt_maturity,agt,maturity,Fused_core+flags,34,,12,Ridge,252,-0.07764274087204659,1971.7536303125562,15.24628323828685,1554.3343578351594,-267.3132260582705,0.10954385501701638,12.237744315574755,87.76225568442524,,
pooled_group10fold,muresk_anthesis,muresk,anthesis,Fused_core+flags,34,,12,PLS,128,0.09245730348982362,1817.284924094472,19.801248815014713,1449.5408785253835,-545.7725889755968,0.4207413338461542,15.817870253244976,84.18212974675502,,
pooled_group10fold,muresk_maturity,muresk,maturity,Fused_core+flags,34,,12,PLS,128,0.022924043908166047,1422.435689950154,14.856606814505202,1113.3052146418654,546.9100171251889,0.4125931977339001,12.897168961927827,87.10283103807217,,
pooled_group10fold,agt_anthesis,agt,anthesis,Fused_core+flags,34,,12,PLS,252,-0.11142193830048042,1604.9585082845867,17.06841511896003,1288.811504100067,475.8463329548665,0.16250418351687657,14.917131639875572,85.08286836012442,,
pooled_group10fold,agt_maturity,agt,maturity,Fused_core+flags,34,,12,PLS,252,-0.22127005305377168,2099.0418578708127,16.230519980858517,1631.171066748748,-426.53493830055396,0.13118019598144165,12.730048838044059,87.26995116195594,,
pooled_group10fold,muresk_anthesis,muresk,anthesis,Fused_core+flags,34,,12,SVR_rbf,128,0.26488385335419595,1635.5637321409579,17.821203479732155,1281.4542250306836,-37.26065107832219,0.5267007201868747,14.83299397530663,85.16700602469336,,
pooled_group10fold,muresk_maturity,muresk,maturity,Fused_core+flags,34,,12,SVR_rbf,128,0.13823209269230685,1335.8682739105686,13.95245482216249,1067.90719915799,253.92055946445035,0.4201919208729041,12.066615666231966,87.93338433376803,,
pooled_group10fold,agt_anthesis,agt,anthesis,Fused_core+flags,34,,12,SVR_rbf,252,0.05652231012352327,1478.7342922186865,15.726045639152849,1155.1153688335241,46.60290317680877,0.2655871510697807,12.930920418125735,87.06907958187426,,
pooled_group10fold,agt_maturity,agt,maturity,Fused_core+flags,34,,12,SVR_rbf,252,-0.05588982688937838,1951.7516177793646,15.09162073698416,1535.4454211709563,-309.3227222772654,0.14437942279676017,12.050860265237077,87.94913973476292,,
pooled_group10fold,muresk_anthesis,muresk,anthesis,Fused_core+flags,34,,12,GPR,128,0.30669982543528973,1588.3644029703207,17.306916672848928,1245.8421353073675,-1.9509181165078004,0.5538802089287488,14.312424129071811,85.68757587092819,,
pooled_group10fold,muresk_maturity,muresk,maturity,Fused_core+flags,34,,12,GPR,128,0.16226472554098226,1317.1094893078266,13.756528996390571,1058.8865104081674,40.992653708914524,0.40825332309865864,11.718160264053376,88.28183973594662,,
pooled_group10fold,agt_anthesis,agt,anthesis,Fused_core+flags,34,,12,GPR,252,0.11872364729591045,1429.1584627329173,15.198816534374119,1097.8626205486814,7.209083692151194,0.34704593331767214,12.28895289917023,87.71104710082977,,
pooled_group10fold,agt_maturity,agt,maturity,Fused_core+flags,34,,12,GPR,252,0.022208576783401046,1878.1849532376905,14.522777760227171,1481.5105911497178,-19.5748493481442,0.19698071474552442,11.846449048333263,88.15355095166674,,
pooled_group10fold,muresk_anthesis,muresk,anthesis,Fused_core+flags,34,,12,RandomForest,128,0.23387985696280233,1669.6980164496022,18.193132750567166,1295.982431237228,46.854163202318134,0.4842349840872548,15.04568191994985,84.95431808005014,,
pooled_group10fold,muresk_maturity,muresk,maturity,Fused_core+flags,34,,12,RandomForest,128,0.18976320393589285,1295.3122076580257,13.528867636805684,1054.737882515783,117.12298654090739,0.45528027574879876,11.698481494966599,88.3015185050334,,
pooled_group10fold,agt_anthesis,agt,anthesis,Fused_core+flags,34,,12,RandomForest,252,0.008505577003954379,1515.8962016109083,16.121255168150313,1179.8117936741598,18.92070871896274,0.23660553864962186,13.184242877525994,86.81575712247401,,
pooled_group10fold,agt_maturity,agt,maturity,Fused_core+flags,34,,12,RandomForest,252,-0.0045950736596980235,1903.753730067976,14.720484414658069,1486.7466395597105,-112.70252506940724,0.17670479605825518,11.822030560726395,88.17796943927361,,
pooled_group10fold,muresk_anthesis,muresk,anthesis,Fused_core+flags,34,,12,ExtraTrees,128,0.24318425589235804,1659.5279443569887,18.082319016681808,1291.6621641592083,8.74053763023317,0.4931604862825219,14.856914740092659,85.14308525990734,,
pooled_group10fold,muresk_maturity,muresk,maturity,Fused_core+flags,34,,12,ExtraTrees,128,0.22041525476019475,1270.5745251938795,13.270495307941538,1021.2507410016256,26.642501441734566,0.47003661095420846,11.279448212887933,88.72055178711207,,
pooled_group10fold,agt_anthesis,agt,anthesis,Fused_core+flags,34,,12,ExtraTrees,252,0.04816590223861883,1485.2684509851572,15.795535120471913,1157.311411573419,0.5458980527700554,0.261581242840613,12.926755205662987,87.07324479433701,,
pooled_group10fold,agt_maturity,agt,maturity,Fused_core+flags,34,,12,ExtraTrees,252,-0.0019713727813068793,1901.266088025561,14.701249103211925,1490.7944308931944,-8.796945169132602,0.1604053617906308,11.928569289920738,88.07143071007926,,
pooled_group10fold,muresk_anthesis,muresk,anthesis,Fused_core+flags,34,,12,MLP,128,0.028587804549853768,1880.1446637901367,20.48617242256686,1474.1803289191785,-185.3266023730845,0.3815226909586369,16.541413087900462,83.45858691209953,,
pooled_group10fold,muresk_maturity,muresk,maturity,Fused_core+flags,34,,12,MLP,128,-0.15684652221525575,1547.769734307018,16.165656236308543,1259.4431124074567,-65.87695586864501,0.1397165478247639,13.76982372687629,86.2301762731237,,
pooled_group10fold,agt_anthesis,agt,anthesis,Fused_core+flags,34,,12,MLP,252,-0.27381111386092827,1718.2123795512318,18.27284755670227,1300.674597270183,-30.80094152736984,0.13317034162466063,14.374137351176536,85.62586264882347,,
pooled_group10fold,agt_maturity,agt,maturity,Fused_core+flags,34,,12,MLP,252,-0.2533862365580697,2126.4623899950407,16.442545049753285,1662.7002104116457,-136.69485646073008,0.07122915435986012,13.145873416976658,86.85412658302334,,
pooled_group10fold,muresk_anthesis,muresk,anthesis,Fused_core+flags,34,,12,XGBoost,128,0.20983638408874805,1695.6960354356322,18.47640877174275,1340.0217885104094,5.186966982754811,0.47061083764010136,15.40873867187525,84.59126132812474,,
pooled_group10fold,muresk_maturity,muresk,maturity,Fused_core+flags,34,,12,XGBoost,128,0.0701111917805527,1387.6629333425562,14.493423314241882,1116.5809949239097,165.73914510553624,0.39774143649795285,12.325404560651215,87.67459543934879,,
pooled_group10fold,agt_anthesis,agt,anthesis,Fused_core+flags,34,,12,XGBoost,252,-0.037517788790388806,1550.6797041356788,16.49117081227418,1205.6409817931547,48.86171255605161,0.21142596802022995,13.508141917636557,86.49185808236345,,
pooled_group10fold,agt_maturity,agt,maturity,Fused_core+flags,34,,12,XGBoost,252,-0.06007321939135668,1955.6141759573145,15.121487377065382,1523.9237798605473,-137.5785565617104,0.15357691599632187,12.107824305035695,87.89217569496431,,
pooled_group10fold,muresk_anthesis,muresk,anthesis,Fused_core+flags,34,,12,LightGBM,128,0.19584174546838118,1710.6464199377347,18.63930908499648,1356.666936233653,22.629104344501684,0.4552176431657524,15.621576446762358,84.37842355323764,,
pooled_group10fold,muresk_maturity,muresk,maturity,Fused_core+flags,34,,12,LightGBM,128,0.07856573989146498,1381.3402139886848,14.427385773070355,1107.1827357890293,135.50560703183464,0.40079739858276436,12.20837435733725,87.79162564266275,,
pooled_group10fold,agt_anthesis,agt,anthesis,Fused_core+flags,34,,12,LightGBM,252,-0.07410888052565312,1577.7873891071417,16.77945566052328,1229.0896977823793,38.590561417664915,0.18123705028505288,13.768765927053003,86.23123407294699,,
pooled_group10fold,agt_maturity,agt,maturity,Fused_core+flags,34,,12,LightGBM,252,-0.0544071673304829,1950.3808309410695,15.081021337508146,1504.992930220266,-146.15457931310056,0.16785414932803167,11.95980581966024,88.04019418033977,,
pooled_group10fold,muresk_anthesis,muresk,anthesis,LiDAR_core+flags,34,,12,Ridge,128,0.188410431809668,1718.5323776489415,18.7252349674566,1363.6321544242924,-440.6224455431436,0.4917351423329353,14.79626055226909,85.20373944773091,,
pooled_group10fold,muresk_maturity,muresk,maturity,LiDAR_core+flags,34,,12,Ridge,128,0.02713242163990448,1419.369087851213,14.824577737927335,1121.9616876354078,468.9096247710456,0.40461851333062276,12.898823060957954,87.10117693904205,,
pooled_group10fold,agt_anthesis,agt,anthesis,LiDAR_core+flags,34,,12,Ridge,252,0.0045387048465087565,1518.925650680875,16.153472757602643,1189.0617196816897,237.08646901947375,0.21583788236191243,13.535777968264595,86.4642220317354,,
pooled_group10fold,agt_maturity,agt,maturity,LiDAR_core+flags,34,,12,Ridge,252,-0.07764274087204659,1971.7536303125562,15.24628323828685,1554.3343578351594,-267.3132260582705,0.10954385501701638,12.237744315574755,87.76225568442524,,
pooled_group10fold,muresk_anthesis,muresk,anthesis,LiDAR_core+flags,34,,12,PLS,128,0.09245730348982362,1817.284924094472,19.801248815014713,1449.5408785253835,-545.7725889755968,0.4207413338461542,15.817870253244976,84.18212974675502,,
pooled_group10fold,muresk_maturity,muresk,maturity,LiDAR_core+flags,34,,12,PLS,128,0.022924043908166047,1422.435689950154,14.856606814505202,1113.3052146418654,546.9100171251889,0.4125931977339001,12.897168961927827,87.10283103807217,,
pooled_group10fold,agt_anthesis,agt,anthesis,LiDAR_core+flags,34,,12,PLS,252,-0.11142193830048042,1604.9585082845867,17.06841511896003,1288.811504100067,475.8463329548665,0.16250418351687657,14.917131639875572,85.08286836012442,,
pooled_group10fold,agt_maturity,agt,maturity,LiDAR_core+flags,34,,12,PLS,252,-0.22127005305377168,2099.0418578708127,16.230519980858517,1631.171066748748,-426.53493830055396,0.13118019598144165,12.730048838044059,87.26995116195594,,
pooled_group10fold,muresk_anthesis,muresk,anthesis,LiDAR_core+flags,34,,12,SVR_rbf,128,0.26488385335419595,1635.5637321409579,17.821203479732155,1281.4542250306836,-37.26065107832219,0.5267007201868747,14.83299397530663,85.16700602469336,,
pooled_group10fold,muresk_maturity,muresk,maturity,LiDAR_core+flags,34,,12,SVR_rbf,128,0.13823209269230685,1335.8682739105686,13.95245482216249,1067.90719915799,253.92055946445035,0.4201919208729041,12.066615666231966,87.93338433376803,,
pooled_group10fold,agt_anthesis,agt,anthesis,LiDAR_core+flags,34,,12,SVR_rbf,252,0.05652231012352327,1478.7342922186865,15.726045639152849,1155.1153688335241,46.60290317680877,0.2655871510697807,12.930920418125735,87.06907958187426,,
pooled_group10fold,agt_maturity,agt,maturity,LiDAR_core+flags,34,,12,SVR_rbf,252,-0.05588982688937838,1951.7516177793646,15.09162073698416,1535.4454211709563,-309.3227222772654,0.14437942279676017,12.050860265237077,87.94913973476292,,
pooled_group10fold,muresk_anthesis,muresk,anthesis,LiDAR_core+flags,34,,12,GPR,128,0.30669982543528973,1588.3644029703207,17.306916672848928,1245.8421353073675,-1.9509181165078004,0.5538802089287488,14.312424129071811,85.68757587092819,,
pooled_group10fold,muresk_maturity,muresk,maturity,LiDAR_core+flags,34,,12,GPR,128,0.16226472554098226,1317.1094893078266,13.756528996390571,1058.8865104081674,40.992653708914524,0.40825332309865864,11.718160264053376,88.28183973594662,,
pooled_group10fold,agt_anthesis,agt,anthesis,LiDAR_core+flags,34,,12,GPR,252,0.11872364729591045,1429.1584627329173,15.198816534374119,1097.8626205486814,7.209083692151194,0.34704593331767214,12.28895289917023,87.71104710082977,,
pooled_group10fold,agt_maturity,agt,maturity,LiDAR_core+flags,34,,12,GPR,252,0.022208576783401046,1878.1849532376905,14.522777760227171,1481.5105911497178,-19.5748493481442,0.19698071474552442,11.846449048333263,88.15355095166674,,
pooled_group10fold,muresk_anthesis,muresk,anthesis,LiDAR_core+flags,34,,12,RandomForest,128,0.23387985696280245,1669.698016449602,18.193132750567163,1295.9824312372282,46.85416320231815,0.4842349840872549,15.04568191994985,84.95431808005014,,
pooled_group10fold,muresk_maturity,muresk,maturity,LiDAR_core+flags,34,,12,RandomForest,128,0.18976320393589285,1295.3122076580257,13.528867636805684,1054.737882515783,117.12298654090742,0.4552802757487989,11.698481494966599,88.3015185050334,,
pooled_group10fold,agt_anthesis,agt,anthesis,LiDAR_core+flags,34,,12,RandomForest,252,0.008505577003954157,1515.8962016109085,16.121255168150313,1179.8117936741598,18.920708718962775,0.2366055386496217,13.184242877525994,86.81575712247401,,
pooled_group10fold,agt_maturity,agt,maturity,LiDAR_core+flags,34,,12,RandomForest,252,-0.0045950736596978015,1903.7537300679758,14.720484414658069,1486.7466395597103,-112.7025250694073,0.17670479605825518,11.822030560726397,88.1779694392736,,
pooled_group10fold,muresk_anthesis,muresk,anthesis,LiDAR_core+flags,34,,12,ExtraTrees,128,0.24318425589235804,1659.5279443569887,18.082319016681808,1291.6621641592083,8.740537630232922,0.4931604862825219,14.856914740092659,85.14308525990734,,
pooled_group10fold,muresk_maturity,muresk,maturity,LiDAR_core+flags,34,,12,ExtraTrees,128,0.22041525476019486,1270.5745251938795,13.270495307941538,1021.2507410016257,26.642501441734495,0.47003661095420846,11.279448212887933,88.72055178711207,,
pooled_group10fold,agt_anthesis,agt,anthesis,LiDAR_core+flags,34,,12,ExtraTrees,252,0.04816590223861883,1485.2684509851572,15.795535120471913,1157.311411573419,0.5458980527700554,0.261581242840613,12.926755205662987,87.07324479433701,,
pooled_group10fold,agt_maturity,agt,maturity,LiDAR_core+flags,34,,12,ExtraTrees,252,-0.0019713727813068793,1901.266088025561,14.701249103211925,1490.7944308931944,-8.796945169132623,0.16040536179063078,11.928569289920738,88.07143071007926,,
pooled_group10fold,muresk_anthesis,muresk,anthesis,LiDAR_core+flags,34,,12,MLP,128,0.028587804549853768,1880.1446637901367,20.48617242256686,1474.1803289191785,-185.3266023730845,0.3815226909586369,16.541413087900462,83.45858691209953,,
pooled_group10fold,muresk_maturity,muresk,maturity,LiDAR_core+flags,34,,12,MLP,128,-0.15684652221525575,1547.769734307018,16.165656236308543,1259.4431124074567,-65.87695586864501,0.1397165478247639,13.76982372687629,86.2301762731237,,
pooled_group10fold,agt_anthesis,agt,anthesis,LiDAR_core+flags,34,,12,MLP,252,-0.27381111386092827,1718.2123795512318,18.27284755670227,1300.674597270183,-30.80094152736984,0.13317034162466063,14.374137351176536,85.62586264882347,,
pooled_group10fold,agt_maturity,agt,maturity,LiDAR_core+flags,34,,12,MLP,252,-0.2533862365580697,2126.4623899950407,16.442545049753285,1662.7002104116457,-136.69485646073008,0.07122915435986012,13.145873416976658,86.85412658302334,,
pooled_group10fold,muresk_anthesis,muresk,anthesis,LiDAR_core+flags,34,,12,XGBoost,128,0.20983638408874805,1695.6960354356322,18.47640877174275,1340.0217885104094,5.186966982754811,0.47061083764010136,15.40873867187525,84.59126132812474,,
pooled_group10fold,muresk_maturity,muresk,maturity,LiDAR_core+flags,34,,12,XGBoost,128,0.0701111917805527,1387.6629333425562,14.493423314241882,1116.5809949239097,165.73914510553624,0.39774143649795285,12.325404560651215,87.67459543934879,,
pooled_group10fold,agt_anthesis,agt,anthesis,LiDAR_core+flags,34,,12,XGBoost,252,-0.037517788790388806,1550.6797041356788,16.49117081227418,1205.6409817931547,48.86171255605161,0.21142596802022995,13.508141917636557,86.49185808236345,,
pooled_group10fold,agt_maturity,agt,maturity,LiDAR_core+flags,34,,12,XGBoost,252,-0.06007321939135668,1955.6141759573145,15.121487377065382,1523.9237798605473,-137.5785565617104,0.15357691599632187,12.107824305035695,87.89217569496431,,
pooled_group10fold,muresk_anthesis,muresk,anthesis,LiDAR_core+flags,34,,12,LightGBM,128,0.19584174546838118,1710.6464199377347,18.63930908499648,1356.666936233653,22.629104344501684,0.4552176431657524,15.621576446762358,84.37842355323764,,
pooled_group10fold,muresk_maturity,muresk,maturity,LiDAR_core+flags,34,,12,LightGBM,128,0.07856573989146498,1381.3402139886848,14.427385773070355,1107.1827357890293,135.50560703183464,0.40079739858276436,12.20837435733725,87.79162564266275,,
pooled_group10fold,agt_anthesis,agt,anthesis,LiDAR_core+flags,34,,12,LightGBM,252,-0.07410888052565312,1577.7873891071417,16.77945566052328,1229.0896977823793,38.590561417664915,0.18123705028505288,13.768765927053003,86.23123407294699,,
pooled_group10fold,agt_maturity,agt,maturity,LiDAR_core+flags,34,,12,LightGBM,252,-0.0544071673304829,1950.3808309410695,15.081021337508146,1504.992930220266,-146.15457931310056,0.16785414932803167,11.95980581966024,88.04019418033977,,
pooled_group10fold,muresk_anthesis,muresk,anthesis,LiDAR_PCA+flags,79,,0,Ridge,128,0.21947722905232803,1685.319630843588,18.36334682619521,1343.9284118739806,-401.24326771913366,0.5135559824214522,14.699466878893224,85.30053312110678,,
pooled_group10fold,muresk_maturity,muresk,maturity,LiDAR_PCA+flags,79,,0,Ridge,128,0.0809439922286811,1379.5564198204445,14.4087549634086,1101.4857618841593,375.4132426854807,0.4223734317942674,12.544815151952548,87.45518484804745,,
pooled_group10fold,agt_anthesis,agt,anthesis,LiDAR_PCA+flags,79,,0,Ridge,252,-0.022613291176219574,1539.501241349442,16.37229007969296,1208.1548363756485,288.4067698606238,0.22734413183614197,13.789717284875664,86.21028271512434,,
pooled_group10fold,agt_maturity,agt,maturity,LiDAR_PCA+flags,79,,0,Ridge,252,-0.0679508244694107,1962.8669964843562,15.177568701999578,1544.8152230017422,-261.1639935187414,0.14706452750778107,12.16461522215076,87.83538477784924,,
pooled_group10fold,muresk_anthesis,muresk,anthesis,LiDAR_PCA+flags,79,,0,SVR_rbf,128,0.19599593449957675,1710.4824126932729,18.637522051927537,1352.9315731780737,42.208241974981604,0.44427007936059837,15.839380398583891,84.1606196014161,,
pooled_group10fold,muresk_maturity,muresk,maturity,LiDAR_PCA+flags,79,,0,SVR_rbf,128,0.16171831061544306,1317.538963265234,13.761014630270088,1049.7111870611343,200.02623604682753,0.44083518559778134,11.755550575201129,88.24444942479887,,
pooled_group10fold,agt_anthesis,agt,anthesis,LiDAR_PCA+flags,79,,0,SVR_rbf,252,0.06961768815441993,1468.4360891876413,15.616526294318767,1154.0788983355487,34.482869718819344,0.2899424272310361,12.915243550252542,87.08475644974746,,
pooled_group10fold,agt_maturity,agt,maturity,LiDAR_PCA+flags,79,,0,SVR_rbf,252,-0.11141319947690809,2002.4100686217016,15.483329456613939,1559.5109332844036,-322.73021217625995,0.1326810648388442,12.220918106806042,87.77908189319396,,
pooled_group10fold,muresk_anthesis,muresk,anthesis,LiDAR_PCA+flags,79,,0,GPR,128,0.2946090795520504,1602.1546084721717,17.457175604033537,1256.030606417412,-7.551552584838866,0.5434517535652427,14.434037029907849,85.56596297009216,,
pooled_group10fold,muresk_maturity,muresk,maturity,LiDAR_PCA+flags,79,,0,GPR,128,0.15637442037127047,1321.731824926533,13.8048069068346,1045.6202724229327,88.48914352444568,0.42109616212941264,11.603968373772119,88.39603162622788,,
pooled_group10fold,agt_anthesis,agt,anthesis,LiDAR_PCA+flags,79,,0,GPR,252,0.06595987489410282,1471.3198478205268,15.647194494895231,1167.104371395219,128.1226843065775,0.3044193666518979,13.111594602427026,86.88840539757297,,
pooled_group10fold,agt_maturity,agt,maturity,LiDAR_PCA+flags,79,,0,GPR,252,-0.034354795948359884,1931.7459546071987,14.936930007674201,1509.5213079750674,-184.19905004158795,0.1509670432118088,11.946098634264402,88.0539013657356,,
pooled_group10fold,muresk_anthesis,muresk,anthesis,LiDAR_PCA+flags,79,,0,RandomForest,128,0.19112178277493508,1715.6593475123232,18.69393025357605,1347.9023659500579,48.59707771928946,0.44131322794900263,15.625829735870239,84.37417026412976,,
pooled_group10fold,muresk_maturity,muresk,maturity,LiDAR_PCA+flags,79,,0,RandomForest,128,0.22762625812052284,1264.6845929424953,13.208978004740327,1012.0820044593543,59.37464836074256,0.48080026214590826,11.213433942615533,88.78656605738446,,
pooled_group10fold,agt_anthesis,agt,anthesis,LiDAR_PCA+flags,79,,0,RandomForest,252,0.05503273861727065,1479.9011516860992,15.738454957943635,1156.734816106857,40.51600205114184,0.2830745113747854,12.935010022829385,87.06498997717061,,
pooled_group10fold,agt_maturity,agt,maturity,LiDAR_PCA+flags,79,,0,RandomForest,252,-0.046233070063931514,1942.8061380306,15.022451183620436,1531.2719935043485,-106.92183888718009,0.10482604579609656,12.135232193570065,87.86476780642994,,
pooled_group10fold,muresk_anthesis,muresk,anthesis,LiDAR_PCA+flags,79,,0,ExtraTrees,128,0.2363532148734817,1667.0005940039848,18.16374146893779,1332.1251197868241,43.339401626610254,0.48764943873348976,15.375707150096718,84.62429284990328,,
pooled_group10fold,muresk_maturity,muresk,maturity,LiDAR_PCA+flags,79,,0,ExtraTrees,128,0.20960571293488162,1279.352946357589,13.362181387391592,1025.9749112108595,15.386396548219317,0.4593376183050049,11.312718173174156,88.68728182682584,,
pooled_group10fold,agt_anthesis,agt,anthesis,LiDAR_PCA+flags,79,,0,ExtraTrees,252,0.07156546406402908,1466.8981821698915,15.600170958490569,1153.2773094681909,-11.335737197867191,0.29693874769692713,12.815398973774272,87.18460102622572,,
pooled_group10fold,agt_maturity,agt,maturity,LiDAR_PCA+flags,79,,0,ExtraTrees,252,-0.04472501159558662,1941.40543589075,15.011620468652639,1542.9482057415478,3.53333731056161,0.09403964029897519,12.33802882053191,87.66197117946808,,
pooled_group10fold,muresk_anthesis,muresk,anthesis,LiDAR_PCA+flags,79,,0,MLP,128,-0.16566212862646323,2059.5665708958154,22.44116460808466,1613.1228146359206,-154.5674832312746,0.29298668991846094,18.18351550108339,81.81648449891661,,
pooled_group10fold,muresk_maturity,muresk,maturity,LiDAR_PCA+flags,79,,0,MLP,128,-0.05228844589877579,1476.1683118910582,15.417816325014913,1235.4393445673845,-16.17007088421559,0.28794674924791447,13.51956063011506,86.48043936988493,,
pooled_group10fold,agt_anthesis,agt,anthesis,LiDAR_PCA+flags,79,,0,MLP,252,-0.2915254584623681,1730.118350819964,18.399465197569718,1341.0606521549178,112.62851705765497,0.13193820847085544,14.939504986335198,85.0604950136648,,
pooled_group10fold,agt_maturity,agt,maturity,LiDAR_PCA+flags,79,,0,MLP,252,-0.27672904361653083,2146.172443080149,16.59495001929788,1686.7134098063596,-197.76453559511188,0.14008981352342184,13.28863024645659,86.71136975354341,,
pooled_group10fold,muresk_anthesis,muresk,anthesis,LiDAR_PCA+flags,79,,0,XGBoost,128,0.18023632074739893,1727.1649928792533,18.819296476377588,1370.8305282592773,-18.27455416592683,0.4511624145480214,15.61991834357636,84.38008165642364,,
pooled_group10fold,muresk_maturity,muresk,maturity,LiDAR_PCA+flags,79,,0,XGBoost,128,0.19152997859299892,1293.8991801798625,13.514109293908719,1045.944212364428,54.02009755914951,0.4501145920740009,11.543131637710694,88.4568683622893,,
pooled_group10fold,agt_anthesis,agt,anthesis,LiDAR_PCA+flags,79,,0,XGBoost,252,-0.0014527773428001378,1523.4898478959387,16.202012088899608,1177.471385657738,56.187248890377,0.26243345430542087,13.209537044821587,86.79046295517841,,
pooled_group10fold,agt_maturity,agt,maturity,LiDAR_PCA+flags,79,,0,XGBoost,252,-0.049620175967727276,1945.9484458794097,15.046748598240764,1534.150361032197,-65.73509720531162,0.14352061072540956,12.188019345417095,87.81198065458291,,
pooled_group10fold,muresk_anthesis,muresk,anthesis,LiDAR_PCA+flags,79,,0,LightGBM,128,0.17789331689446208,1729.631476151881,18.846171430509347,1375.2202752618741,-20.755774443751733,0.45116403043970876,15.642322960592498,84.3576770394075,,
pooled_group10fold,muresk_maturity,muresk,maturity,LiDAR_PCA+flags,79,,0,LightGBM,128,0.20810866909035297,1280.5639504414764,13.374829700178026,1007.4439460648072,28.35110714963053,0.4654491768216755,11.114510427026744,88.88548957297326,,
pooled_group10fold,agt_anthesis,agt,anthesis,LiDAR_PCA+flags,79,,0,LightGBM,252,-0.01778037524059317,1535.8590572733187,16.333556175090415,1202.306908549449,63.488820994132915,0.24262459378549148,13.499115529335818,86.50088447066418,,
pooled_group10fold,agt_maturity,agt,maturity,LiDAR_PCA+flags,79,,0,LightGBM,252,-0.07901239702505491,1973.00625645127,15.255968978233724,1550.3194898017107,-68.70075501891301,0.12188364722585673,12.300022631353032,87.69997736864697,,
pooled_group10fold,muresk_anthesis,muresk,anthesis,Fused_PCA+flags,143,,0,Ridge,128,0.25244120130941816,1649.347511041064,17.971392386267077,1285.558702917695,50.87166371609575,0.5234702140008758,14.901272419169558,85.09872758083044,,
pooled_group10fold,muresk_maturity,muresk,maturity,Fused_PCA+flags,143,,0,Ridge,126,0.16889965193163614,1315.9020019719487,13.769092132155015,1064.5550154849113,-49.16897292752487,0.4245033625152184,11.674162485594913,88.3258375144051,,
pooled_group10fold,agt_anthesis,agt,anthesis,Fused_PCA+flags,143,,0,Ridge,252,0.06856571791767252,1469.2660247046454,15.62535249378316,1141.2202646274336,9.484023377459646,0.3118733940801429,12.698369489369343,87.30163051063066,,
pooled_group10fold,muresk_anthesis,muresk,anthesis,Fused_PCA+flags,143,,0,SVR_rbf,128,0.27891944090755827,1619.8745569731068,17.650253257737784,1281.3624370957482,-31.796028845297343,0.5343348941169607,14.707668712769259,85.29233128723074,,
pooled_group10fold,muresk_maturity,muresk,maturity,Fused_PCA+flags,143,,0,SVR_rbf,126,0.20158871143009793,1289.7637006526702,13.495591006308375,1034.638238762079,127.62253395829731,0.45813053931217906,11.574240772938458,88.42575922706155,,
pooled_group10fold,agt_anthesis,agt,anthesis,Fused_PCA+flags,143,,0,SVR_rbf,252,0.10366582991981199,1441.3163172966435,15.328112904079912,1116.9192282663669,-48.80520487564019,0.32425998604418227,12.412574915238979,87.58742508476102,,
pooled_group10fold,muresk_anthesis,muresk,anthesis,Fused_PCA+flags,143,,0,GPR,128,0.29773781580866787,1598.5975099453415,17.418417238707644,1256.9052329702413,11.662403020473938,0.5525780990800292,14.432702702051659,85.56729729794834,,
pooled_group10fold,muresk_maturity,muresk,maturity,Fused_PCA+flags,143,,0,GPR,126,0.219742792055295,1275.0162216765978,13.341279061775829,1025.3163542285258,-30.679240646474128,0.46971716930497526,11.278540159540855,88.72145984045915,,
pooled_group10fold,agt_anthesis,agt,anthesis,Fused_PCA+flags,143,,0,GPR,252,0.10454847557255498,1440.6064899999099,15.32056403169419,1105.8067258918059,0.6132426684304759,0.3325114281357853,12.319610703747747,87.68038929625226,,
pooled_group10fold,muresk_anthesis,muresk,anthesis,Fused_PCA+flags,143,,0,RandomForest,128,0.2500399121759913,1651.9943830048085,18.00023286672267,1300.4898896281034,57.47714659947673,0.501967356729848,15.154909908810266,84.84509009118973,,
pooled_group10fold,muresk_maturity,muresk,maturity,Fused_PCA+flags,143,,0,RandomForest,126,0.1688697554154429,1315.9256697106364,13.769339782264264,1065.2607362850565,-18.976627840441395,0.41665491873458765,11.724535256958948,88.27546474304106,,
pooled_group10fold,agt_anthesis,agt,anthesis,Fused_PCA+flags,143,,0,RandomForest,252,0.06602201361078508,1471.2709058932292,15.646674007214381,1157.438018021352,-3.9840553181069596,0.2843100192245125,12.865337998827622,87.13466200117237,,
pooled_group10fold,muresk_anthesis,muresk,anthesis,Fused_PCA+flags,143,,0,ExtraTrees,128,0.2621799159217202,1638.568973391511,17.85394877407888,1298.4615318583628,22.437513854607964,0.5124503687002306,14.98570889063188,85.01429110936812,,
pooled_group10fold,muresk_maturity,muresk,maturity,Fused_PCA+flags,143,,0,ExtraTrees,126,0.2048168835126598,1287.1536446870623,13.468280385147619,1043.43266983525,7.4673094873403265,0.4540275442467078,11.518432723377456,88.48156727662254,,
pooled_group10fold,agt_anthesis,agt,anthesis,Fused_PCA+flags,143,,0,ExtraTrees,252,0.08291102303541231,1457.9078137978438,15.50456017562336,1132.7967186663386,-11.970366215162791,0.3040472776720011,12.602199375064544,87.39780062493546,,
pooled_group10fold,muresk_anthesis,muresk,anthesis,Fused_PCA+flags,143,,0,MLP,128,-0.2237953216807238,2110.2984746313946,22.993942565689814,1644.7614886901324,-732.74541770713,0.3688409333025826,17.47732211013315,82.52267788986686,,
pooled_group10fold,muresk_maturity,muresk,maturity,Fused_PCA+flags,143,,0,MLP,126,0.02330796450433381,1426.5126875593373,14.926479778325682,1149.6636850686955,113.89801937811588,0.31892619499081987,12.80521237768322,87.19478762231678,,
pooled_group10fold,agt_anthesis,agt,anthesis,Fused_PCA+flags,143,,0,MLP,252,-0.16836606846635038,1645.5602755209661,17.50020685324892,1317.5612863612685,-12.902378821124127,0.25661635904996366,14.509450037054062,85.49054996294593,,
pooled_group10fold,muresk_anthesis,muresk,anthesis,Fused_PCA+flags,143,,0,XGBoost,128,0.25884580283117486,1642.2670404702378,17.894243141456066,1316.9860964688387,82.39503201571378,0.5211237956285983,15.219138230506474,84.78086176949353,,
pooled_group10fold,muresk_maturity,muresk,maturity,Fused_PCA+flags,143,,0,XGBoost,126,0.11379422207510648,1358.8268010641416,14.218240710520993,1113.3140970719096,-25.50556274237827,0.3923979149727591,12.168823035111089,87.83117696488891,,
pooled_group10fold,agt_anthesis,agt,anthesis,Fused_PCA+flags,143,,0,XGBoost,252,-0.02573239273364525,1541.8472917879897,16.397239860368565,1207.794108530258,21.534203720486136,0.24669732119574803,13.472336442851887,86.52766355714812,,
pooled_group10fold,muresk_anthesis,muresk,anthesis,Fused_PCA+flags,143,,0,LightGBM,128,0.23502763111424374,1668.4468063333595,18.179499487833787,1357.6163597895961,100.8206349921847,0.4999338428205195,15.693542031589876,84.30645796841013,,
pooled_group10fold,muresk_maturity,muresk,maturity,Fused_PCA+flags,143,,0,LightGBM,126,0.10778617200407659,1363.4251175820734,14.266355724931895,1107.5984990556956,-31.81091919953502,0.39204213860241527,12.084448126840677,87.91555187315933,,
pooled_group10fold,agt_anthesis,agt,anthesis,Fused_PCA+flags,143,,0,LightGBM,252,-0.06649811782941506,1572.1876250883074,16.71990328184912,1236.9025451509972,8.66339859120039,0.21792254797482705,13.775782789809663,86.22421721019033,,
cross_trial,agt_anthesis,agt,anthesis,LiDAR_core,32,,12,Ridge,252,-0.9270051355917144,2113.322432105492,22.47476452829941,1713.0600588877303,1332.6716327744425,0.23379758652784421,20.215740968807957,79.78425903119205,,muresk_anthesis
cross_trial,agt_anthesis,agt,anthesis,LiDAR_core,32,,12,RandomForest,252,0.041393666897784565,1490.5428781895432,15.851627606710336,1174.617991719217,-92.59579208862802,0.28579593965497574,12.896154401199606,87.10384559880039,,muresk_anthesis
cross_trial,agt_anthesis,agt,anthesis,LiDAR_core,32,,12,XGBoost,252,-0.08687001910561198,1587.1323047200528,16.87883698291229,1265.3504493216765,-70.09325706200394,0.2961428320108838,13.847001802056383,86.15299819794362,,muresk_anthesis
cross_trial,agt_anthesis,agt,anthesis,LiDAR_core,32,,12,SVR_rbf,252,0.05053762191394351,1483.416848102032,15.775843691390406,1157.7421537120822,-89.06865865672019,0.2579170226242505,12.811714144226558,87.18828585577344,,muresk_anthesis
cross_trial,agt_anthesis,agt,anthesis,Fused_core,48,,12,Ridge,252,-0.6947395443208415,1981.8729424711025,21.076825301413574,1593.3488348841643,1229.9390301543604,0.2907168810215825,18.856118503646936,81.14388149635306,,muresk_anthesis
cross_trial,agt_anthesis,agt,anthesis,Fused_core,48,,12,RandomForest,252,0.04739556004580947,1485.869361139417,15.801925680669674,1168.8485494496642,59.21476603277651,0.2820583345933185,13.034892131786807,86.9651078682132,,muresk_anthesis
cross_trial,agt_anthesis,agt,anthesis,Fused_core,48,,12,XGBoost,252,-0.13106415883195144,1619.0786546114653,17.218580072012436,1285.4055355664682,407.8860297373513,0.243317645661636,14.697291508235127,85.30270849176488,,muresk_anthesis
cross_trial,agt_anthesis,agt,anthesis,Fused_core,48,,12,SVR_rbf,252,0.060102430856451394,1475.9260228210226,15.696180251606828,1146.7457417545493,-145.52333034163112,0.28599885799363955,12.613795723958198,87.38620427604181,,muresk_anthesis
cross_trial,muresk_anthesis,muresk,anthesis,LiDAR_core,32,,12,Ridge,128,-0.09469978442381333,1995.891860123374,21.74736102532646,1543.8059403598786,-46.12937918679441,0.0756714090690824,18.14254391649771,81.85745608350229,,agt_anthesis
cross_trial,muresk_anthesis,muresk,anthesis,LiDAR_core,32,,12,RandomForest,128,0.13996234917700012,1769.0830556423668,19.276038278178103,1379.0417608795585,-143.40637886101982,0.4137166863872179,15.771717162178453,84.22828283782155,,agt_anthesis
cross_trial,muresk_anthesis,muresk,anthesis,LiDAR_core,32,,12,XGBoost,128,0.07800741977019232,1831.6951847904031,19.958263905904513,1446.133970780806,-313.4417904940518,0.3251209372115454,16.13288254480794,83.86711745519206,,agt_anthesis
cross_trial,muresk_anthesis,muresk,anthesis,LiDAR_core,32,,12,SVR_rbf,128,-0.03845174156841935,1943.9390778110992,21.18128029931689,1527.5858014313826,357.12851936185683,-0.06469052142634951,18.602443745544175,81.39755625445582,,agt_anthesis
cross_trial,muresk_anthesis,muresk,anthesis,Fused_core,48,,12,Ridge,128,-0.5948400798316971,2409.0624668645205,26.249293484381365,1936.5969922237512,1430.3443179833444,0.1038437302998138,24.821595713955084,75.17840428604492,,agt_anthesis
cross_trial,muresk_anthesis,muresk,anthesis,Fused_core,48,,12,RandomForest,128,0.11751154962124999,1792.0247596050253,19.5260125020227,1399.89922157704,281.69217226814874,0.4686158423346073,16.86693058838948,83.13306941161052,,agt_anthesis
cross_trial,muresk_anthesis,muresk,anthesis,Fused_core,48,,12,XGBoost,128,0.014654692293740168,1893.5802579710014,20.63256748688812,1509.7664524425163,565.3021288785068,0.33773077323935374,18.531742591563034,81.46825740843697,,agt_anthesis
cross_trial,muresk_anthesis,muresk,anthesis,Fused_core,48,,12,SVR_rbf,128,-0.003991639718096129,1911.4130153528984,20.826874313129295,1513.4960953553823,196.64579094364288,0.31921452396478084,18.13963700930806,81.86036299069194,,agt_anthesis
cross_trial,agt_maturity,agt,maturity,LiDAR_core,31,,12,Ridge,252,-1.51153122174349,3010.1250360200734,23.27533124640202,2459.411790063361,-2120.7276354503183,0.25388609856724204,18.36169487323744,81.63830512676256,,muresk_maturity
cross_trial,agt_maturity,agt,maturity,LiDAR_core,31,,12,RandomForest,252,-2.403483805712496,3504.1048240493974,27.094954370965567,3075.0017016330303,-2973.1692923342935,0.26023830895423716,22.64783816818475,77.35216183181525,,muresk_maturity
cross_trial,agt_maturity,agt,maturity,LiDAR_core,31,,12,XGBoost,252,-2.4278224203257976,3516.6115868584566,27.191661000662894,3085.3095308554284,-2964.4437405584863,0.24028646318485544,22.783361206710275,77.21663879328972,,muresk_maturity
cross_trial,agt_maturity,agt,maturity,LiDAR_core,31,,12,SVR_rbf,252,-2.7278659369648333,3667.2911300082096,28.356767511821,3229.7252235786355,-3152.07906704462,0.17051405673048414,23.665901885866298,76.3340981141337,,muresk_maturity
cross_trial,muresk_maturity,muresk,maturity,LiDAR_core,31,,12,Ridge,128,-5.391784384638056,3638.1410753447217,37.99850627622522,3380.8137449072656,3380.8137449072656,0.35930233073014656,38.36891005987083,61.63108994012917,,agt_maturity
cross_trial,muresk_maturity,muresk,maturity,LiDAR_core,31,,12,RandomForest,128,-5.468339268553378,3659.8633716474455,38.22538445255181,3430.500745301737,3424.831084074391,0.4444167391706696,38.66148204881316,61.33851795118684,,agt_maturity
cross_trial,muresk_maturity,muresk,maturity,LiDAR_core,31,,12,XGBoost,128,-6.633811215805591,3975.934170772129,41.52658085905257,3731.490152532405,3720.7493799383,0.38448392986410745,41.74713616464983,58.25286383535017,,agt_maturity
cross_trial,muresk_maturity,muresk,maturity,LiDAR_core,31,,12,SVR_rbf,128,-7.015538034742036,4074.1293842967825,42.55217919626336,3830.3088040209414,3830.3088040209414,0.26453115217885587,43.27748508150922,56.72251491849078,,agt_maturity
