dataset,feature_set,n_inputs,lidar_n_components,lidar_explained_variance,vnir_n_components,vnir_explained_variance,joint_n_components,joint_explained_variance,bands_n_components,bands_explained_variance
muresk_anthesis,LiDAR_PCA,73,11.0,0.9522387522445486,,,,,,
muresk_anthesis,VNIR_PCA,131,,,9.0,0.9578789563390822,,,,
muresk_anthesis,Fused_PCA,204,11.0,0.9522387522445486,9.0,0.9578789563390822,,,,
muresk_anthesis,Fused_PCA_joint,204,,,,,16.0,0.9519298063167702,,
muresk_anthesis,VNIR_bands_PCA,138,,,,,,,4.0,0.966090897597699
muresk_anthesis,Fused_bands_PCA,211,11.0,0.9522387522445486,,,,,4.0,0.966090897597699
muresk_maturity,LiDAR_PCA,72,10.0,0.9590843151338518,,,,,,
muresk_maturity,VNIR_PCA,139,,,17.0,0.9533590073530435,,,,
muresk_maturity,Fused_PCA,211,10.0,0.9593309733809995,17.0,0.9533590073530435,,,,
muresk_maturity,Fused_PCA_joint,211,,,,,22.0,0.9506312592053826,,
muresk_maturity,VNIR_bands_PCA,153,,,,,,,7.0,0.9538444989360321
muresk_maturity,Fused_bands_PCA,225,10.0,0.9593309733809995,,,,,7.0,0.9538444989360321
agt_anthesis,LiDAR_PCA,77,13.0,0.9534871919459581,,,,,,
agt_anthesis,VNIR_PCA,64,,,12.0,0.9515132633812313,,,,
agt_anthesis,Fused_PCA,141,13.0,0.9534871919459581,12.0,0.9515132633812313,,,,
agt_anthesis,Fused_PCA_joint,141,,,,,23.0,0.9511028505628734,,
agt_anthesis,VNIR_bands_PCA,112,,,,,,,10.0,0.9528961107379835
agt_anthesis,Fused_bands_PCA,189,13.0,0.9534871919459581,,,,,10.0,0.9528961107379835
agt_maturity,LiDAR_PCA,75,12.0,0.9553000328439908,,,,,,
