scheme,target,variant,dataset,n,R2,RMSE,rRMSE,MAE,bias,r,MAPE,accuracy
10fold_pooled,biomass_kg_ha,two_stream,agt_anthesis,252,0.061763800009039804,1474.6210175877193,15.682301780020518,1146.5046503359563,6.449394695099734,0.2767079714711337,12.87030608871478,87.12969391128522
10fold_pooled,biomass_kg_ha,two_stream,agt_maturity,252,0.0340910200787633,1866.7379089170158,14.434265241588335,1471.5707943646203,-106.76698761227767,0.2010979920711571,11.705600539861031,88.29439946013898
10fold_pooled,biomass_kg_ha,two_stream,muresk_anthesis,128,0.2305957935665347,1673.272867239843,18.23208454565201,1290.7446734597752,-100.51095633429377,0.4918690519894151,14.648897762141555,85.35110223785844
10fold_pooled,biomass_kg_ha,two_stream,muresk_maturity,128,0.06927956220153164,1388.2833105459995,14.49990283402148,1128.142063625599,105.77929616181754,0.3153403673588779,12.496447956521568,87.50355204347844
10fold_pooled,biomass_kg_ha,two_stream,ALL,760,0.5329405611647555,1634.8188876010702,15.474917325330411,1275.490150541412,-32.375902522639194,0.7302130284034766,12.72070095051314,87.27929904948687
10fold_pooled,biomass_kg_ha,lidar_only,agt_anthesis,252,0.09983667072612545,1444.391703695189,15.360819027902192,1107.9812593297895,-39.96348428779237,0.3278840081722784,12.324820299403791,87.6751797005962
10fold_pooled,biomass_kg_ha,lidar_only,agt_maturity,252,0.023897190731638318,1876.5624703135918,14.510232159280983,1486.3074009212933,-116.49363707326971,0.18832876329256137,11.814786360090503,88.18521363990949
10fold_pooled,biomass_kg_ha,lidar_only,muresk_anthesis,128,0.31992189623917855,1573.145480098169,17.14109034892333,1223.4454926768728,-62.64739889835746,0.5680799231340214,13.872988041372574,86.12701195862742
10fold_pooled,biomass_kg_ha,lidar_only,muresk_maturity,128,0.14381957068341344,1331.5305208024376,13.907149229198806,1076.1618462125168,92.07691658698133,0.3956838118148822,11.9117991803136,88.08820081968639
10fold_pooled,biomass_kg_ha,lidar_only,ALL,760,0.5500330116235701,1604.6262649927487,15.189119098846568,1247.5137917909406,-46.92133726163656,0.7419098831905824,12.346886371800517,87.65311362819948
10fold_pooled,biomass_kg_ha,vnir_only,agt_anthesis,252,-0.07124768175747964,1575.6845419219044,16.757092298165873,1231.942833627713,10.660305232058356,-0.046557377075800245,13.783422866073899,86.21657713392611
10fold_pooled,biomass_kg_ha,vnir_only,agt_maturity,252,-0.008820159509143943,1907.7528953100448,14.751407347959644,1520.9488707324979,-140.7701968358112,-0.09913959470070957,12.050168433761415,87.94983156623859
10fold_pooled,biomass_kg_ha,vnir_only,muresk_anthesis,128,-0.07340888835314319,1976.3874354322963,21.534839608799444,1552.8522644795153,105.71718079234103,-0.06190655543577557,18.35117181333823,81.64882818666177
10fold_pooled,biomass_kg_ha,vnir_only,muresk_maturity,128,-0.085553660937711,1499.3192794571682,15.659616235503037,1201.2948936301184,63.760278619607625,-0.16143490902895344,13.299936172338287,86.70006382766171
10fold_pooled,biomass_kg_ha,vnir_only,ALL,760,0.4641096164323124,1751.1427560048173,16.576019263999637,1376.6572970221134,-14.59812878870566,0.6813529746717657,13.896587933848808,86.1034120661512
