scheme,target,variant,dataset,n,R2,RMSE,rRMSE,MAE,bias,r,MAPE,accuracy,band_policy
10fold_pooled,biomass_kg_ha,two_stream,agt_anthesis,252,0.07083253145015023,1467.4770735052673,15.606327352920681,1132.5988293430303,-28.66964328523304,0.2806710519704174,12.62566554418999,87.37433445581001,common
10fold_pooled,biomass_kg_ha,two_stream,agt_maturity,252,0.05365462505808427,1847.7366670818105,14.287341046574781,1460.498986897468,-110.25971857582732,0.24054553890678676,11.598058434444738,88.40194156555526,common
10fold_pooled,biomass_kg_ha,two_stream,muresk_anthesis,128,0.2649204846625325,1635.522981039216,17.82075945320974,1294.4234890783941,-115.16664403588713,0.5207086324751504,14.702152285638364,85.29784771436164,common
10fold_pooled,biomass_kg_ha,two_stream,muresk_maturity,128,0.13302257294885111,1339.8999548023512,13.994563648757573,1081.6756827688305,97.80539384756842,0.3803649894609561,12.003216067825887,87.99678393217411,common
10fold_pooled,biomass_kg_ha,two_stream,ALL,760,0.5458096458069406,1612.13914496324,15.260234741869926,1260.0017680119083,-48.990051596173686,0.7390745081854897,12.52982314718339,87.4701768528166,common
10fold_pooled,biomass_kg_ha,lidar_only,agt_anthesis,252,0.09261251303318618,1450.1760216288408,15.42233410082276,1147.5217082681534,-25.47593310873598,0.3231502165745364,12.781655612846082,87.21834438715392,common
10fold_pooled,biomass_kg_ha,lidar_only,agt_maturity,252,0.030895703589829293,1869.823030623246,14.458120473111514,1484.0671940820798,-125.33549300029131,0.20095297058546988,11.798364727119335,88.20163527288067,common
10fold_pooled,biomass_kg_ha,lidar_only,muresk_anthesis,128,0.2886187325413806,1608.9431649116675,17.53114413443347,1266.5538916232267,-112.92644973669421,0.5498500975896611,14.117084355105339,85.88291564489467,common
10fold_pooled,biomass_kg_ha,lidar_only,muresk_maturity,128,0.129739291775404,1342.4346869486249,14.021037618121063,1095.0681911532372,5.866526025018381,0.3718547276703189,12.028904575764008,87.971095424236,common
10fold_pooled,biomass_kg_ha,lidar_only,ALL,760,0.5463149719487721,1611.2420731004106,15.251743212308183,1270.3263552469027,-68.03703896653865,0.7397841288475607,12.553752248450738,87.44624775154927,common
10fold_pooled,biomass_kg_ha,vnir_only,agt_anthesis,252,-0.02348428224031429,1540.1567219880246,16.379260986158155,1211.0974483838932,-26.596618314358587,-0.11513098258009252,13.534908159936712,86.46509184006328,common
10fold_pooled,biomass_kg_ha,vnir_only,agt_maturity,252,-0.0086567887610971,1907.5984160235898,14.750212860514797,1520.9128393792241,-140.11559921866362,-0.09889744396983523,12.050955377916283,87.94904462208372,common
10fold_pooled,biomass_kg_ha,vnir_only,muresk_anthesis,128,-0.018800848441411278,1925.4583984953724,20.979913675652444,1540.2944831818686,62.344567628954245,-0.15821156057897284,18.173061565056646,81.82693843494336,common
10fold_pooled,biomass_kg_ha,vnir_only,muresk_maturity,128,-0.008983569205620823,1445.4747989764357,15.097238420263057,1161.8867571735218,22.56207809374191,-0.05100690606599078,12.848033483213372,87.15196651678663,common
10fold_pooled,biomass_kg_ha,vnir_only,ALL,760,0.4810739219889585,1723.2025083109413,16.311541635076196,1360.981304318152,-40.97819495502169,0.6942109967386105,13.708339181207258,86.29166081879274,common
