variant,dataset,Plot_ID,Plot,Variety,measured,predicted,band_policy
two_stream,muresk_anthesis,1,1001.0,Scepter,84.0,83.91281599782717,per_plot
two_stream,muresk_anthesis,2,1002.0,Ironbark,79.0,85.29245899469363,per_plot
two_stream,muresk_anthesis,3,1003.0,Calibre,89.0,88.82050716408587,per_plot
two_stream,muresk_anthesis,4,1004.0,Nyala,92.5,88.51386457180955,per_plot
two_stream,muresk_anthesis,5,1005.0,Magenta,95.0,91.09559360554215,per_plot
two_stream,muresk_anthesis,6,1006.0,Shotgun,85.5,85.35173633856363,per_plot
two_stream,muresk_anthesis,7,1007.0,Bullaring,83.0,73.04407062710327,per_plot
two_stream,muresk_anthesis,8,1008.0,Sunmaster,92.5,88.89106085065173,per_plot
two_stream,muresk_anthesis,9,1009.0,Scepter,82.5,87.42666230081772,per_plot
two_stream,muresk_anthesis,10,1010.0,Magenta,87.5,89.43806481656867,per_plot
two_stream,muresk_anthesis,11,1011.0,Shotgun,86.5,89.06904322135823,per_plot
two_stream,muresk_anthesis,12,1012.0,Sunmaster,89.0,88.69939614266973,per_plot
two_stream,muresk_anthesis,13,1013.0,Ironbark,82.0,80.69547708758198,per_plot
two_stream,muresk_anthesis,14,1014.0,Bullaring,83.0,86.24216487604633,per_plot
two_stream,muresk_anthesis,15,1015.0,Nyala,92.0,89.24622499749165,per_plot
two_stream,muresk_anthesis,16,1016.0,Calibre,90.0,88.24991752423352,per_plot
two_stream,muresk_anthesis,17,1017.0,Scepter,86.5,86.1597813272899,per_plot
two_stream,muresk_anthesis,18,1018.0,Nyala,91.5,89.22054193572662,per_plot
two_stream,muresk_anthesis,19,1019.0,Shotgun,88.0,85.73113622513709,per_plot
two_stream,muresk_anthesis,20,1020.0,Magenta,82.0,88.45963384927445,per_plot
two_stream,muresk_anthesis,21,1021.0,Bullaring,75.0,74.69158561071913,per_plot
two_stream,muresk_anthesis,22,1022.0,Ironbark,82.0,84.77800755919613,per_plot
two_stream,muresk_anthesis,23,1023.0,Sunmaster,80.0,84.58213715007926,per_plot
two_stream,muresk_anthesis,24,1024.0,Calibre,88.0,86.60159693853493,per_plot
two_stream,muresk_anthesis,25,1025.0,Nyala,89.0,88.74471046317407,per_plot
two_stream,muresk_anthesis,26,1026.0,Sunmaster,86.0,86.64906737130025,per_plot
two_stream,muresk_anthesis,27,1027.0,Ironbark,80.0,84.95476616282848,per_plot
two_stream,muresk_anthesis,28,1028.0,Calibre,84.0,85.22620190314991,per_plot
two_stream,muresk_anthesis,29,1029.0,Shotgun,81.0,84.51822933927482,per_plot
two_stream,muresk_anthesis,30,1030.0,Bullaring,77.0,79.00337979032692,per_plot
two_stream,muresk_anthesis,31,1031.0,Magenta,89.0,88.64875292144183,per_plot
two_stream,muresk_anthesis,32,1032.0,Scepter,87.0,85.16508327522033,per_plot
two_stream,muresk_anthesis,33,2001.0,Magenta,86.0,85.51711723536536,per_plot
two_stream,muresk_anthesis,34,2002.0,Shotgun,81.0,82.05642170199545,per_plot
two_stream,muresk_anthesis,35,2003.0,Bullaring,82.0,84.03182678623773,per_plot
two_stream,muresk_anthesis,36,2004.0,Sunmaster,89.0,87.69830755989518,per_plot
two_stream,muresk_anthesis,37,2005.0,Nyala,97.0,90.93633962441086,per_plot
two_stream,muresk_anthesis,38,2006.0,Ironbark,81.0,79.05854433754031,per_plot
two_stream,muresk_anthesis,39,2007.0,Calibre,89.0,88.34606504784702,per_plot
two_stream,muresk_anthesis,40,2008.0,Scepter,81.0,86.90307815404688,per_plot
two_stream,muresk_anthesis,41,2009.0,Calibre,84.0,85.37264003585348,per_plot
two_stream,muresk_anthesis,42,2010.0,Bullaring,78.0,80.47698274986789,per_plot
two_stream,muresk_anthesis,43,2011.0,Nyala,98.0,87.8342429342724,per_plot
two_stream,muresk_anthesis,44,2012.0,Ironbark,79.0,84.12711643240262,per_plot
two_stream,muresk_anthesis,45,2013.0,Sunmaster,87.5,83.52803880460353,per_plot
two_stream,muresk_anthesis,46,2014.0,Shotgun,93.0,83.17984253156978,per_plot
two_stream,muresk_anthesis,47,2015.0,Magenta,91.0,86.77824093848052,per_plot
two_stream,muresk_anthesis,48,2016.0,Scepter,83.0,86.33556904308539,per_plot
two_stream,muresk_anthesis,49,2017.0,Ironbark,81.0,82.22570223487254,per_plot
two_stream,muresk_anthesis,50,2018.0,Bullaring,70.0,76.6914405057325,per_plot
two_stream,muresk_anthesis,51,2019.0,Calibre,86.0,86.33806961131317,per_plot
two_stream,muresk_anthesis,52,2020.0,Sunmaster,88.0,84.56663427956067,per_plot
two_stream,muresk_anthesis,53,2021.0,Scepter,81.0,83.52403666632307,per_plot
two_stream,muresk_anthesis,54,2022.0,Nyala,87.0,88.20168640522961,per_plot
two_stream,muresk_anthesis,55,2023.0,Magenta,76.5,87.3870793027215,per_plot
two_stream,muresk_anthesis,56,2024.0,Shotgun,85.0,81.45157887522674,per_plot
two_stream,muresk_anthesis,57,2025.0,Scepter,81.0,87.13335030619972,per_plot
two_stream,muresk_anthesis,58,2026.0,Bullaring,72.0,75.53099839860454,per_plot
two_stream,muresk_anthesis,59,2027.0,Magenta,80.0,87.24538802361607,per_plot
two_stream,muresk_anthesis,60,2028.0,Shotgun,82.0,82.47126686626734,per_plot
two_stream,muresk_anthesis,61,2029.0,Nyala,84.0,83.89455103050862,per_plot
two_stream,muresk_anthesis,62,2030.0,Sunmaster,90.0,87.74547556942622,per_plot
two_stream,muresk_anthesis,63,2031.0,Calibre,89.0,86.29386028127152,per_plot
two_stream,muresk_anthesis,64,2032.0,Ironbark,79.0,83.01441717415206,per_plot
two_stream,muresk_anthesis,65,3001.0,Nyala,84.0,88.57225547266451,per_plot
two_stream,muresk_anthesis,66,3002.0,Bullaring,81.0,82.35477231352004,per_plot
two_stream,muresk_anthesis,67,3003.0,Shotgun,88.0,87.75810117042292,per_plot
two_stream,muresk_anthesis,68,3004.0,Scepter,80.0,88.44986252877806,per_plot
two_stream,muresk_anthesis,69,3005.0,Sunmaster,91.0,90.06652609369957,per_plot
two_stream,muresk_anthesis,70,3006.0,Calibre,87.0,87.94234596304584,per_plot
two_stream,muresk_anthesis,71,3007.0,Ironbark,83.0,81.84217555337689,per_plot
two_stream,muresk_anthesis,72,3008.0,Magenta,87.0,87.30432944704707,per_plot
two_stream,muresk_anthesis,73,3009.0,Shotgun,85.0,86.23722565061915,per_plot
two_stream,muresk_anthesis,74,3010.0,Ironbark,85.0,84.76047032149492,per_plot
two_stream,muresk_anthesis,75,3011.0,Scepter,77.0,80.66045577903388,per_plot
two_stream,muresk_anthesis,76,3012.0,Magenta,79.0,86.02028864840611,per_plot
two_stream,muresk_anthesis,77,3013.0,Calibre,85.0,86.41216057234703,per_plot
two_stream,muresk_anthesis,78,3014.0,Nyala,88.0,82.32849017150967,per_plot
two_stream,muresk_anthesis,79,3015.0,Bullaring,71.0,76.58199273300403,per_plot
two_stream,muresk_anthesis,80,3016.0,Sunmaster,87.0,87.0749143377579,per_plot
two_stream,muresk_anthesis,81,3017.0,Magenta,88.0,84.66421055569069,per_plot
two_stream,muresk_anthesis,82,3018.0,Calibre,85.0,84.12499393115338,per_plot
two_stream,muresk_anthesis,83,3019.0,Nyala,89.0,84.62058791989516,per_plot
two_stream,muresk_anthesis,84,3020.0,Bullaring,75.0,78.26687162922772,per_plot
two_stream,muresk_anthesis,85,3021.0,Sunmaster,82.0,86.04402424414556,per_plot
two_stream,muresk_anthesis,86,3022.0,Shotgun,88.0,88.26287999406122,per_plot
two_stream,muresk_anthesis,87,3023.0,Ironbark,84.0,84.16022623794898,per_plot
two_stream,muresk_anthesis,88,3024.0,Scepter,85.0,84.68894809436235,per_plot
two_stream,muresk_anthesis,89,3025.0,Shotgun,82.0,86.87582121682469,per_plot
two_stream,muresk_anthesis,90,3026.0,Ironbark,83.0,83.84176800936179,per_plot
two_stream,muresk_anthesis,91,3027.0,Bullaring,75.0,75.12902526550121,per_plot
two_stream,muresk_anthesis,92,3028.0,Scepter,82.0,84.02054080787936,per_plot
two_stream,muresk_anthesis,93,3029.0,Calibre,88.0,86.60514969076002,per_plot
two_stream,muresk_anthesis,94,3030.0,Magenta,86.0,85.34024774574283,per_plot
two_stream,muresk_anthesis,95,3031.0,Sunmaster,85.0,85.74666936832766,per_plot
two_stream,muresk_anthesis,96,3032.0,Nyala,87.0,84.70531346574046,per_plot
two_stream,muresk_anthesis,97,4001.0,Sunmaster,87.0,82.63895243144965,per_plot
two_stream,muresk_anthesis,98,4002.0,Calibre,85.0,86.63232954268214,per_plot
two_stream,muresk_anthesis,99,4003.0,Ironbark,81.0,80.26633533151755,per_plot
two_stream,muresk_anthesis,100,4004.0,Magenta,86.0,88.69740679565436,per_plot
two_stream,muresk_anthesis,101,4005.0,Scepter,87.0,85.87641090849637,per_plot
two_stream,muresk_anthesis,102,4006.0,Bullaring,81.0,78.32679786288982,per_plot
two_stream,muresk_anthesis,103,4007.0,Nyala,85.0,87.02149650095595,per_plot
two_stream,muresk_anthesis,104,4008.0,Shotgun,86.0,86.02593651232007,per_plot
two_stream,muresk_anthesis,105,4009.0,Sunmaster,86.0,85.17512830164189,per_plot
two_stream,muresk_anthesis,106,4010.0,Nyala,92.0,86.93060655898917,per_plot
two_stream,muresk_anthesis,107,4011.0,Bullaring,79.0,73.85382439056181,per_plot
two_stream,muresk_anthesis,108,4012.0,Calibre,80.0,86.40714881390129,per_plot
two_stream,muresk_anthesis,109,4013.0,Magenta,86.0,85.70677195932254,per_plot
two_stream,muresk_anthesis,110,4014.0,Scepter,80.0,79.16641216510295,per_plot
two_stream,muresk_anthesis,111,4015.0,Shotgun,86.0,84.39214388812124,per_plot
two_stream,muresk_anthesis,112,4016.0,Ironbark,87.0,80.11035747563888,per_plot
two_stream,muresk_anthesis,113,4017.0,Sunmaster,85.0,85.4294473497174,per_plot
two_stream,muresk_anthesis,114,4018.0,Shotgun,83.0,86.36232947813868,per_plot
two_stream,muresk_anthesis,115,4019.0,Ironbark,86.0,85.08957439230635,per_plot
two_stream,muresk_anthesis,116,4020.0,Scepter,86.0,85.76163969778216,per_plot
two_stream,muresk_anthesis,117,4021.0,Calibre,90.0,86.93766107788655,per_plot
two_stream,muresk_anthesis,118,4022.0,Magenta,85.0,87.91978424896244,per_plot
two_stream,muresk_anthesis,119,4023.0,Nyala,95.0,86.73542748968939,per_plot
two_stream,muresk_anthesis,120,4024.0,Bullaring,72.0,76.00542260920281,per_plot
two_stream,muresk_anthesis,121,4025.0,Calibre,89.0,87.85616277666433,per_plot
two_stream,muresk_anthesis,122,4026.0,Magenta,90.0,85.15290023185675,per_plot
two_stream,muresk_anthesis,123,4027.0,Sunmaster,88.0,83.45337516655701,per_plot
two_stream,muresk_anthesis,124,4028.0,Nyala,88.0,87.553431808138,per_plot
two_stream,muresk_anthesis,125,4029.0,Scepter,87.0,83.68951490607753,per_plot
two_stream,muresk_anthesis,126,4030.0,Ironbark,86.0,83.61696474058861,per_plot
two_stream,muresk_anthesis,127,4031.0,Bullaring,74.0,74.66472350804568,per_plot
two_stream,muresk_anthesis,128,4032.0,Shotgun,86.0,84.00828530736857,per_plot
two_stream,muresk_maturity,1,1001.0,Scepter,84.0,86.07933947833581,per_plot
two_stream,muresk_maturity,2,1002.0,Ironbark,79.0,77.91680178887141,per_plot
two_stream,muresk_maturity,3,1003.0,Calibre,89.0,86.93830461874788,per_plot
two_stream,muresk_maturity,4,1004.0,Nyala,92.5,86.97837516619272,per_plot
two_stream,muresk_maturity,5,1005.0,Magenta,95.0,86.19791154061684,per_plot
two_stream,muresk_maturity,6,1006.0,Shotgun,85.5,84.89833266714703,per_plot
two_stream,muresk_maturity,7,1007.0,Bullaring,83.0,71.15957418711758,per_plot
two_stream,muresk_maturity,8,1008.0,Sunmaster,92.5,85.72557910336769,per_plot
two_stream,muresk_maturity,9,1009.0,Scepter,82.5,89.2360415437768,per_plot
two_stream,muresk_maturity,10,1010.0,Magenta,87.5,89.65360897238553,per_plot
two_stream,muresk_maturity,11,1011.0,Shotgun,86.5,87.24924835832783,per_plot
two_stream,muresk_maturity,12,1012.0,Sunmaster,89.0,85.73093804914915,per_plot
two_stream,muresk_maturity,13,1013.0,Ironbark,82.0,81.68949021096424,per_plot
two_stream,muresk_maturity,14,1014.0,Bullaring,83.0,82.13443293611414,per_plot
two_stream,muresk_maturity,15,1015.0,Nyala,92.0,88.34011734032495,per_plot
two_stream,muresk_maturity,16,1016.0,Calibre,90.0,88.39115934141222,per_plot
two_stream,muresk_maturity,17,1017.0,Scepter,86.5,86.49414776912755,per_plot
two_stream,muresk_maturity,18,1018.0,Nyala,91.5,87.56339584188454,per_plot
two_stream,muresk_maturity,19,1019.0,Shotgun,88.0,85.0405668058213,per_plot
two_stream,muresk_maturity,20,1020.0,Magenta,82.0,82.31995616112489,per_plot
two_stream,muresk_maturity,21,1021.0,Bullaring,75.0,70.6112051437216,per_plot
two_stream,muresk_maturity,22,1022.0,Ironbark,82.0,84.6884950048363,per_plot
two_stream,muresk_maturity,23,1023.0,Sunmaster,80.0,83.95448394085025,per_plot
two_stream,muresk_maturity,24,1024.0,Calibre,88.0,86.68926598959796,per_plot
two_stream,muresk_maturity,25,1025.0,Nyala,89.0,84.63339500518099,per_plot
two_stream,muresk_maturity,26,1026.0,Sunmaster,86.0,83.69129583447157,per_plot
two_stream,muresk_maturity,27,1027.0,Ironbark,80.0,80.89871278467992,per_plot
two_stream,muresk_maturity,28,1028.0,Calibre,84.0,85.66756558664906,per_plot
two_stream,muresk_maturity,29,1029.0,Shotgun,81.0,86.541278601693,per_plot
two_stream,muresk_maturity,30,1030.0,Bullaring,77.0,77.26083623389017,per_plot
two_stream,muresk_maturity,31,1031.0,Magenta,89.0,84.40120023487243,per_plot
two_stream,muresk_maturity,32,1032.0,Scepter,87.0,84.49124978773868,per_plot
two_stream,muresk_maturity,33,2001.0,Magenta,86.0,86.44337996712927,per_plot
two_stream,muresk_maturity,34,2002.0,Shotgun,81.0,85.36877674215874,per_plot
two_stream,muresk_maturity,35,2003.0,Bullaring,82.0,80.17168702594462,per_plot
two_stream,muresk_maturity,36,2004.0,Sunmaster,89.0,85.98759021736461,per_plot
two_stream,muresk_maturity,37,2005.0,Nyala,97.0,89.4571076170528,per_plot
two_stream,muresk_maturity,38,2006.0,Ironbark,81.0,80.29929718791516,per_plot
two_stream,muresk_maturity,39,2007.0,Calibre,89.0,87.65106823128734,per_plot
two_stream,muresk_maturity,40,2008.0,Scepter,81.0,85.33752661947638,per_plot
two_stream,muresk_maturity,41,2009.0,Calibre,84.0,85.55948873349422,per_plot
two_stream,muresk_maturity,42,2010.0,Bullaring,78.0,83.60715700184022,per_plot
two_stream,muresk_maturity,43,2011.0,Nyala,98.0,86.24177626294897,per_plot
two_stream,muresk_maturity,44,2012.0,Ironbark,79.0,79.04980456403175,per_plot
two_stream,muresk_maturity,45,2013.0,Sunmaster,87.5,83.95829617312081,per_plot
two_stream,muresk_maturity,46,2014.0,Shotgun,93.0,83.6524825513056,per_plot
two_stream,muresk_maturity,47,2015.0,Magenta,91.0,85.66292081796355,per_plot
two_stream,muresk_maturity,48,2016.0,Scepter,83.0,83.51449455320018,per_plot
two_stream,muresk_maturity,49,2017.0,Ironbark,81.0,77.41738009010197,per_plot
two_stream,muresk_maturity,50,2018.0,Bullaring,70.0,75.26492604253903,per_plot
two_stream,muresk_maturity,51,2019.0,Calibre,86.0,86.98421240501708,per_plot
two_stream,muresk_maturity,52,2020.0,Sunmaster,88.0,85.03494837999436,per_plot
two_stream,muresk_maturity,53,2021.0,Scepter,81.0,84.67851221189639,per_plot
two_stream,muresk_maturity,54,2022.0,Nyala,87.0,83.6474669234206,per_plot
two_stream,muresk_maturity,55,2023.0,Magenta,76.5,85.67328492138256,per_plot
two_stream,muresk_maturity,56,2024.0,Shotgun,85.0,83.77657592407492,per_plot
two_stream,muresk_maturity,57,2025.0,Scepter,81.0,86.05469797857792,per_plot
two_stream,muresk_maturity,58,2026.0,Bullaring,72.0,79.98859608493915,per_plot
two_stream,muresk_maturity,59,2027.0,Magenta,80.0,86.05978864323632,per_plot
two_stream,muresk_maturity,60,2028.0,Shotgun,82.0,85.88051957016393,per_plot
two_stream,muresk_maturity,61,2029.0,Nyala,84.0,84.30220844577791,per_plot
two_stream,muresk_maturity,62,2030.0,Sunmaster,90.0,85.51229212046111,per_plot
two_stream,muresk_maturity,63,2031.0,Calibre,89.0,85.82920594961384,per_plot
two_stream,muresk_maturity,64,2032.0,Ironbark,79.0,80.55816844161902,per_plot
two_stream,muresk_maturity,65,3001.0,Nyala,84.0,84.13601754635467,per_plot
two_stream,muresk_maturity,66,3002.0,Bullaring,81.0,79.92389086615867,per_plot
two_stream,muresk_maturity,67,3003.0,Shotgun,88.0,86.22703187839959,per_plot
two_stream,muresk_maturity,68,3004.0,Scepter,80.0,86.53492953468536,per_plot
two_stream,muresk_maturity,69,3005.0,Sunmaster,91.0,86.44658446981964,per_plot
two_stream,muresk_maturity,70,3006.0,Calibre,87.0,87.61903261243219,per_plot
two_stream,muresk_maturity,71,3007.0,Ironbark,83.0,80.31739554173082,per_plot
two_stream,muresk_maturity,72,3008.0,Magenta,87.0,85.34312478765064,per_plot
two_stream,muresk_maturity,73,3009.0,Shotgun,85.0,85.2264553514224,per_plot
two_stream,muresk_maturity,74,3010.0,Ironbark,85.0,81.50734584102528,per_plot
two_stream,muresk_maturity,75,3011.0,Scepter,77.0,85.05652035220837,per_plot
two_stream,muresk_maturity,76,3012.0,Magenta,79.0,85.14391732858041,per_plot
two_stream,muresk_maturity,77,3013.0,Calibre,85.0,86.12007754199122,per_plot
two_stream,muresk_maturity,78,3014.0,Nyala,88.0,82.77904737717586,per_plot
two_stream,muresk_maturity,79,3015.0,Bullaring,71.0,74.27073325578024,per_plot
two_stream,muresk_maturity,80,3016.0,Sunmaster,87.0,84.53371635267952,per_plot
two_stream,muresk_maturity,81,3017.0,Magenta,88.0,86.83837354223726,per_plot
two_stream,muresk_maturity,82,3018.0,Calibre,85.0,86.61526516373779,per_plot
two_stream,muresk_maturity,83,3019.0,Nyala,89.0,83.63370165875043,per_plot
two_stream,muresk_maturity,84,3020.0,Bullaring,75.0,81.2370477537863,per_plot
two_stream,muresk_maturity,85,3021.0,Sunmaster,82.0,85.95526628734781,per_plot
two_stream,muresk_maturity,86,3022.0,Shotgun,88.0,86.49509024314071,per_plot
two_stream,muresk_maturity,87,3023.0,Ironbark,84.0,85.81286985983809,per_plot
two_stream,muresk_maturity,88,3024.0,Scepter,85.0,85.49862495745727,per_plot
two_stream,muresk_maturity,89,3025.0,Shotgun,82.0,85.66565082117893,per_plot
two_stream,muresk_maturity,90,3026.0,Ironbark,83.0,86.35082904938598,per_plot
two_stream,muresk_maturity,91,3027.0,Bullaring,75.0,84.72538030194795,per_plot
two_stream,muresk_maturity,92,3028.0,Scepter,82.0,85.50176527297847,per_plot
two_stream,muresk_maturity,93,3029.0,Calibre,88.0,87.70261371470848,per_plot
two_stream,muresk_maturity,94,3030.0,Magenta,86.0,85.45498724222927,per_plot
two_stream,muresk_maturity,95,3031.0,Sunmaster,85.0,85.99082173025853,per_plot
two_stream,muresk_maturity,96,3032.0,Nyala,87.0,83.36830106769155,per_plot
two_stream,muresk_maturity,97,4001.0,Sunmaster,87.0,81.43037647239916,per_plot
two_stream,muresk_maturity,98,4002.0,Calibre,85.0,82.43225229638772,per_plot
two_stream,muresk_maturity,99,4003.0,Ironbark,81.0,81.42397444718341,per_plot
two_stream,muresk_maturity,100,4004.0,Magenta,86.0,86.86356070880426,per_plot
two_stream,muresk_maturity,101,4005.0,Scepter,87.0,86.8781352932537,per_plot
two_stream,muresk_maturity,102,4006.0,Bullaring,81.0,82.83041259024961,per_plot
two_stream,muresk_maturity,103,4007.0,Nyala,85.0,86.69306046797067,per_plot
two_stream,muresk_maturity,104,4008.0,Shotgun,86.0,86.35278395080466,per_plot
two_stream,muresk_maturity,105,4009.0,Sunmaster,86.0,85.4199578913172,per_plot
two_stream,muresk_maturity,106,4010.0,Nyala,92.0,87.95797789074496,per_plot
two_stream,muresk_maturity,107,4011.0,Bullaring,79.0,79.87632377328283,per_plot
two_stream,muresk_maturity,108,4012.0,Calibre,80.0,86.19972562479448,per_plot
two_stream,muresk_maturity,109,4013.0,Magenta,86.0,87.28092798876969,per_plot
two_stream,muresk_maturity,110,4014.0,Scepter,80.0,82.28607641303421,per_plot
two_stream,muresk_maturity,111,4015.0,Shotgun,86.0,85.95211155626852,per_plot
two_stream,muresk_maturity,112,4016.0,Ironbark,87.0,85.54177694424925,per_plot
two_stream,muresk_maturity,113,4017.0,Sunmaster,85.0,87.34158440838434,per_plot
two_stream,muresk_maturity,114,4018.0,Shotgun,83.0,87.46667867611272,per_plot
two_stream,muresk_maturity,115,4019.0,Ironbark,86.0,86.42948094125438,per_plot
two_stream,muresk_maturity,116,4020.0,Scepter,86.0,89.01975202773575,per_plot
two_stream,muresk_maturity,117,4021.0,Calibre,90.0,90.04134954912274,per_plot
two_stream,muresk_maturity,118,4022.0,Magenta,85.0,87.20277563392452,per_plot
two_stream,muresk_maturity,119,4023.0,Nyala,95.0,87.88926636075931,per_plot
two_stream,muresk_maturity,120,4024.0,Bullaring,72.0,84.71453517411713,per_plot
two_stream,muresk_maturity,121,4025.0,Calibre,89.0,88.7965472926112,per_plot
two_stream,muresk_maturity,122,4026.0,Magenta,90.0,88.48067328042436,per_plot
two_stream,muresk_maturity,123,4027.0,Sunmaster,88.0,86.26679605729949,per_plot
two_stream,muresk_maturity,124,4028.0,Nyala,88.0,85.60209846768824,per_plot
two_stream,muresk_maturity,125,4029.0,Scepter,87.0,85.87922861900198,per_plot
two_stream,muresk_maturity,126,4030.0,Ironbark,86.0,85.03162028286128,per_plot
two_stream,muresk_maturity,127,4031.0,Bullaring,74.0,79.23720560516114,per_plot
two_stream,muresk_maturity,128,4032.0,Shotgun,86.0,84.44177893073967,per_plot
lidar_only,muresk_anthesis,1,1001.0,Scepter,84.0,85.19252651456289,per_plot
lidar_only,muresk_anthesis,2,1002.0,Ironbark,79.0,84.15225469987917,per_plot
lidar_only,muresk_anthesis,3,1003.0,Calibre,89.0,88.25496570093127,per_plot
lidar_only,muresk_anthesis,4,1004.0,Nyala,92.5,87.53445061519683,per_plot
lidar_only,muresk_anthesis,5,1005.0,Magenta,95.0,91.69770445644016,per_plot
lidar_only,muresk_anthesis,6,1006.0,Shotgun,85.5,86.53461421332015,per_plot
lidar_only,muresk_anthesis,7,1007.0,Bullaring,83.0,75.44449594554719,per_plot
lidar_only,muresk_anthesis,8,1008.0,Sunmaster,92.5,88.8004810707978,per_plot
lidar_only,muresk_anthesis,9,1009.0,Scepter,82.5,87.7344878793131,per_plot
lidar_only,muresk_anthesis,10,1010.0,Magenta,87.5,89.92639472972137,per_plot
lidar_only,muresk_anthesis,11,1011.0,Shotgun,86.5,87.46728777137739,per_plot
lidar_only,muresk_anthesis,12,1012.0,Sunmaster,89.0,86.34386269300698,per_plot
lidar_only,muresk_anthesis,13,1013.0,Ironbark,82.0,80.24916018039004,per_plot
lidar_only,muresk_anthesis,14,1014.0,Bullaring,83.0,85.65829729325837,per_plot
lidar_only,muresk_anthesis,15,1015.0,Nyala,92.0,90.07975016797077,per_plot
lidar_only,muresk_anthesis,16,1016.0,Calibre,90.0,89.87345169587982,per_plot
lidar_only,muresk_anthesis,17,1017.0,Scepter,86.5,85.17609258867057,per_plot
lidar_only,muresk_anthesis,18,1018.0,Nyala,91.5,88.6966538482943,per_plot
lidar_only,muresk_anthesis,19,1019.0,Shotgun,88.0,84.80069709755047,per_plot
lidar_only,muresk_anthesis,20,1020.0,Magenta,82.0,87.10848316502215,per_plot
lidar_only,muresk_anthesis,21,1021.0,Bullaring,75.0,73.70513109553897,per_plot
lidar_only,muresk_anthesis,22,1022.0,Ironbark,82.0,84.776303260874,per_plot
lidar_only,muresk_anthesis,23,1023.0,Sunmaster,80.0,86.15635634243225,per_plot
lidar_only,muresk_anthesis,24,1024.0,Calibre,88.0,89.78714347349978,per_plot
lidar_only,muresk_anthesis,25,1025.0,Nyala,89.0,88.71867566179183,per_plot
lidar_only,muresk_anthesis,26,1026.0,Sunmaster,86.0,85.86933135205075,per_plot
lidar_only,muresk_anthesis,27,1027.0,Ironbark,80.0,84.14708141131155,per_plot
lidar_only,muresk_anthesis,28,1028.0,Calibre,84.0,88.3120801420537,per_plot
lidar_only,muresk_anthesis,29,1029.0,Shotgun,81.0,82.29079576326495,per_plot
lidar_only,muresk_anthesis,30,1030.0,Bullaring,77.0,82.12415403623052,per_plot
lidar_only,muresk_anthesis,31,1031.0,Magenta,89.0,90.1682337739368,per_plot
lidar_only,muresk_anthesis,32,1032.0,Scepter,87.0,85.86423681795307,per_plot
lidar_only,muresk_anthesis,33,2001.0,Magenta,86.0,86.07172062827519,per_plot
lidar_only,muresk_anthesis,34,2002.0,Shotgun,81.0,84.62615040956317,per_plot
lidar_only,muresk_anthesis,35,2003.0,Bullaring,82.0,83.56930151870178,per_plot
lidar_only,muresk_anthesis,36,2004.0,Sunmaster,89.0,88.29499634004162,per_plot
lidar_only,muresk_anthesis,37,2005.0,Nyala,97.0,90.54960631582681,per_plot
lidar_only,muresk_anthesis,38,2006.0,Ironbark,81.0,84.560441412712,per_plot
lidar_only,muresk_anthesis,39,2007.0,Calibre,89.0,87.36761981673745,per_plot
lidar_only,muresk_anthesis,40,2008.0,Scepter,81.0,86.46104084669281,per_plot
lidar_only,muresk_anthesis,41,2009.0,Calibre,84.0,85.29746919777654,per_plot
lidar_only,muresk_anthesis,42,2010.0,Bullaring,78.0,83.41832570973499,per_plot
lidar_only,muresk_anthesis,43,2011.0,Nyala,98.0,88.32119836189761,per_plot
lidar_only,muresk_anthesis,44,2012.0,Ironbark,79.0,84.28302589025175,per_plot
lidar_only,muresk_anthesis,45,2013.0,Sunmaster,87.5,83.70020502872329,per_plot
lidar_only,muresk_anthesis,46,2014.0,Shotgun,93.0,82.95543235230411,per_plot
lidar_only,muresk_anthesis,47,2015.0,Magenta,91.0,86.09012034312613,per_plot
lidar_only,muresk_anthesis,48,2016.0,Scepter,83.0,84.95181755526191,per_plot
lidar_only,muresk_anthesis,49,2017.0,Ironbark,81.0,83.65558857297285,per_plot
lidar_only,muresk_anthesis,50,2018.0,Bullaring,70.0,78.4048081865522,per_plot
lidar_only,muresk_anthesis,51,2019.0,Calibre,86.0,87.75560014696698,per_plot
lidar_only,muresk_anthesis,52,2020.0,Sunmaster,88.0,84.83151454484414,per_plot
lidar_only,muresk_anthesis,53,2021.0,Scepter,81.0,86.42956743460287,per_plot
lidar_only,muresk_anthesis,54,2022.0,Nyala,87.0,88.35286099715522,per_plot
lidar_only,muresk_anthesis,55,2023.0,Magenta,76.5,87.97202714190934,per_plot
lidar_only,muresk_anthesis,56,2024.0,Shotgun,85.0,83.47008750239873,per_plot
lidar_only,muresk_anthesis,57,2025.0,Scepter,81.0,85.53805833723486,per_plot
lidar_only,muresk_anthesis,58,2026.0,Bullaring,72.0,77.28322374733484,per_plot
lidar_only,muresk_anthesis,59,2027.0,Magenta,80.0,86.47069487006924,per_plot
lidar_only,muresk_anthesis,60,2028.0,Shotgun,82.0,82.77369222496232,per_plot
lidar_only,muresk_anthesis,61,2029.0,Nyala,84.0,84.71782015735083,per_plot
lidar_only,muresk_anthesis,62,2030.0,Sunmaster,90.0,87.67613825247706,per_plot
lidar_only,muresk_anthesis,63,2031.0,Calibre,89.0,86.60647926044336,per_plot
lidar_only,muresk_anthesis,64,2032.0,Ironbark,79.0,79.01294140238889,per_plot
lidar_only,muresk_anthesis,65,3001.0,Nyala,84.0,88.51993943972819,per_plot
lidar_only,muresk_anthesis,66,3002.0,Bullaring,81.0,82.66574898126952,per_plot
lidar_only,muresk_anthesis,67,3003.0,Shotgun,88.0,86.92347996230139,per_plot
lidar_only,muresk_anthesis,68,3004.0,Scepter,80.0,85.07539096264476,per_plot
lidar_only,muresk_anthesis,69,3005.0,Sunmaster,91.0,89.01127416215613,per_plot
lidar_only,muresk_anthesis,70,3006.0,Calibre,87.0,87.9849829350575,per_plot
lidar_only,muresk_anthesis,71,3007.0,Ironbark,83.0,80.29584777248013,per_plot
lidar_only,muresk_anthesis,72,3008.0,Magenta,87.0,85.92775123576459,per_plot
lidar_only,muresk_anthesis,73,3009.0,Shotgun,85.0,85.94260821340974,per_plot
lidar_only,muresk_anthesis,74,3010.0,Ironbark,85.0,82.89477866405836,per_plot
lidar_only,muresk_anthesis,75,3011.0,Scepter,77.0,81.82577125524999,per_plot
lidar_only,muresk_anthesis,76,3012.0,Magenta,79.0,83.31513891736715,per_plot
lidar_only,muresk_anthesis,77,3013.0,Calibre,85.0,87.69408577403236,per_plot
lidar_only,muresk_anthesis,78,3014.0,Nyala,88.0,84.95237173863099,per_plot
lidar_only,muresk_anthesis,79,3015.0,Bullaring,71.0,73.91154367815285,per_plot
lidar_only,muresk_anthesis,80,3016.0,Sunmaster,87.0,87.76503975788476,per_plot
lidar_only,muresk_anthesis,81,3017.0,Magenta,88.0,85.39737007748654,per_plot
lidar_only,muresk_anthesis,82,3018.0,Calibre,85.0,84.06081711844797,per_plot
lidar_only,muresk_anthesis,83,3019.0,Nyala,89.0,84.68998141958514,per_plot
lidar_only,muresk_anthesis,84,3020.0,Bullaring,75.0,78.78519682866741,per_plot
lidar_only,muresk_anthesis,85,3021.0,Sunmaster,82.0,85.74148234704418,per_plot
lidar_only,muresk_anthesis,86,3022.0,Shotgun,88.0,87.91008728239721,per_plot
lidar_only,muresk_anthesis,87,3023.0,Ironbark,84.0,85.3694499487212,per_plot
lidar_only,muresk_anthesis,88,3024.0,Scepter,85.0,81.74817761708755,per_plot
lidar_only,muresk_anthesis,89,3025.0,Shotgun,82.0,86.41743105212467,per_plot
lidar_only,muresk_anthesis,90,3026.0,Ironbark,83.0,81.60962528781887,per_plot
lidar_only,muresk_anthesis,91,3027.0,Bullaring,75.0,79.55102653839161,per_plot
lidar_only,muresk_anthesis,92,3028.0,Scepter,82.0,82.32132973619606,per_plot
lidar_only,muresk_anthesis,93,3029.0,Calibre,88.0,86.66379794726242,per_plot
lidar_only,muresk_anthesis,94,3030.0,Magenta,86.0,87.8014334275623,per_plot
lidar_only,muresk_anthesis,95,3031.0,Sunmaster,85.0,85.95912738077315,per_plot
lidar_only,muresk_anthesis,96,3032.0,Nyala,87.0,85.5838367628381,per_plot
lidar_only,muresk_anthesis,97,4001.0,Sunmaster,87.0,80.63175698251803,per_plot
lidar_only,muresk_anthesis,98,4002.0,Calibre,85.0,87.81466903427997,per_plot
lidar_only,muresk_anthesis,99,4003.0,Ironbark,81.0,81.91291436605707,per_plot
lidar_only,muresk_anthesis,100,4004.0,Magenta,86.0,87.97639247638213,per_plot
lidar_only,muresk_anthesis,101,4005.0,Scepter,87.0,84.4106145806279,per_plot
lidar_only,muresk_anthesis,102,4006.0,Bullaring,81.0,78.02114857843674,per_plot
lidar_only,muresk_anthesis,103,4007.0,Nyala,85.0,86.78686432532541,per_plot
lidar_only,muresk_anthesis,104,4008.0,Shotgun,86.0,84.54979522906663,per_plot
lidar_only,muresk_anthesis,105,4009.0,Sunmaster,86.0,85.38231219248453,per_plot
lidar_only,muresk_anthesis,106,4010.0,Nyala,92.0,86.49269316344568,per_plot
lidar_only,muresk_anthesis,107,4011.0,Bullaring,79.0,74.41011197588381,per_plot
lidar_only,muresk_anthesis,108,4012.0,Calibre,80.0,86.41561681620432,per_plot
lidar_only,muresk_anthesis,109,4013.0,Magenta,86.0,86.29393918748418,per_plot
lidar_only,muresk_anthesis,110,4014.0,Scepter,80.0,79.03446701720296,per_plot
lidar_only,muresk_anthesis,111,4015.0,Shotgun,86.0,84.79243529463155,per_plot
lidar_only,muresk_anthesis,112,4016.0,Ironbark,87.0,80.47507959271557,per_plot
lidar_only,muresk_anthesis,113,4017.0,Sunmaster,85.0,85.88816239557379,per_plot
lidar_only,muresk_anthesis,114,4018.0,Shotgun,83.0,84.20144581918001,per_plot
lidar_only,muresk_anthesis,115,4019.0,Ironbark,86.0,85.56400839030985,per_plot
lidar_only,muresk_anthesis,116,4020.0,Scepter,86.0,87.26587298687932,per_plot
lidar_only,muresk_anthesis,117,4021.0,Calibre,90.0,87.02006238054082,per_plot
lidar_only,muresk_anthesis,118,4022.0,Magenta,85.0,86.95634485510305,per_plot
lidar_only,muresk_anthesis,119,4023.0,Nyala,95.0,86.16365107005008,per_plot
lidar_only,muresk_anthesis,120,4024.0,Bullaring,72.0,81.85001549257568,per_plot
lidar_only,muresk_anthesis,121,4025.0,Calibre,89.0,87.02443090161066,per_plot
lidar_only,muresk_anthesis,122,4026.0,Magenta,90.0,85.10652151206641,per_plot
lidar_only,muresk_anthesis,123,4027.0,Sunmaster,88.0,81.43246961143272,per_plot
lidar_only,muresk_anthesis,124,4028.0,Nyala,88.0,88.12037446353821,per_plot
lidar_only,muresk_anthesis,125,4029.0,Scepter,87.0,85.3952553909872,per_plot
lidar_only,muresk_anthesis,126,4030.0,Ironbark,86.0,85.07171977522933,per_plot
lidar_only,muresk_anthesis,127,4031.0,Bullaring,74.0,75.75238070370204,per_plot
lidar_only,muresk_anthesis,128,4032.0,Shotgun,86.0,83.57149101436042,per_plot
lidar_only,muresk_maturity,1,1001.0,Scepter,84.0,85.24233856506031,per_plot
lidar_only,muresk_maturity,2,1002.0,Ironbark,79.0,78.2035360402078,per_plot
lidar_only,muresk_maturity,3,1003.0,Calibre,89.0,87.68345801764316,per_plot
lidar_only,muresk_maturity,4,1004.0,Nyala,92.5,86.81296816964372,per_plot
lidar_only,muresk_maturity,5,1005.0,Magenta,95.0,86.61101333281707,per_plot
lidar_only,muresk_maturity,6,1006.0,Shotgun,85.5,85.80143490806762,per_plot
lidar_only,muresk_maturity,7,1007.0,Bullaring,83.0,74.3848462065896,per_plot
lidar_only,muresk_maturity,8,1008.0,Sunmaster,92.5,85.37080243155476,per_plot
lidar_only,muresk_maturity,9,1009.0,Scepter,82.5,87.86174630166643,per_plot
lidar_only,muresk_maturity,10,1010.0,Magenta,87.5,88.48743463239315,per_plot
lidar_only,muresk_maturity,11,1011.0,Shotgun,86.5,86.3748786008062,per_plot
lidar_only,muresk_maturity,12,1012.0,Sunmaster,89.0,84.9249281009638,per_plot
lidar_only,muresk_maturity,13,1013.0,Ironbark,82.0,80.07182210925846,per_plot
lidar_only,muresk_maturity,14,1014.0,Bullaring,83.0,80.14390232755389,per_plot
lidar_only,muresk_maturity,15,1015.0,Nyala,92.0,88.85316917687537,per_plot
lidar_only,muresk_maturity,16,1016.0,Calibre,90.0,88.76253871495408,per_plot
lidar_only,muresk_maturity,17,1017.0,Scepter,86.5,84.72239346470072,per_plot
lidar_only,muresk_maturity,18,1018.0,Nyala,91.5,86.48137452246753,per_plot
lidar_only,muresk_maturity,19,1019.0,Shotgun,88.0,82.02387471018517,per_plot
lidar_only,muresk_maturity,20,1020.0,Magenta,82.0,83.48845049551223,per_plot
lidar_only,muresk_maturity,21,1021.0,Bullaring,75.0,72.03019620302322,per_plot
lidar_only,muresk_maturity,22,1022.0,Ironbark,82.0,83.10125513035595,per_plot
lidar_only,muresk_maturity,23,1023.0,Sunmaster,80.0,83.50469197370415,per_plot
lidar_only,muresk_maturity,24,1024.0,Calibre,88.0,85.56899814606167,per_plot
lidar_only,muresk_maturity,25,1025.0,Nyala,89.0,85.06383738600556,per_plot
lidar_only,muresk_maturity,26,1026.0,Sunmaster,86.0,83.14579040375298,per_plot
lidar_only,muresk_maturity,27,1027.0,Ironbark,80.0,80.69243950187993,per_plot
lidar_only,muresk_maturity,28,1028.0,Calibre,84.0,86.50785954449009,per_plot
lidar_only,muresk_maturity,29,1029.0,Shotgun,81.0,86.1647208562025,per_plot
lidar_only,muresk_maturity,30,1030.0,Bullaring,77.0,77.97493320968088,per_plot
lidar_only,muresk_maturity,31,1031.0,Magenta,89.0,86.9040512800888,per_plot
lidar_only,muresk_maturity,32,1032.0,Scepter,87.0,84.09405537420399,per_plot
lidar_only,muresk_maturity,33,2001.0,Magenta,86.0,84.4031288658333,per_plot
lidar_only,muresk_maturity,34,2002.0,Shotgun,81.0,83.46989994840094,per_plot
lidar_only,muresk_maturity,35,2003.0,Bullaring,82.0,83.73582526577403,per_plot
lidar_only,muresk_maturity,36,2004.0,Sunmaster,89.0,85.71954406791218,per_plot
lidar_only,muresk_maturity,37,2005.0,Nyala,97.0,88.00272803182878,per_plot
lidar_only,muresk_maturity,38,2006.0,Ironbark,81.0,79.13668030417209,per_plot
lidar_only,muresk_maturity,39,2007.0,Calibre,89.0,87.76802514409228,per_plot
lidar_only,muresk_maturity,40,2008.0,Scepter,81.0,85.50063243772728,per_plot
lidar_only,muresk_maturity,41,2009.0,Calibre,84.0,85.59738245579726,per_plot
lidar_only,muresk_maturity,42,2010.0,Bullaring,78.0,81.25868080244375,per_plot
lidar_only,muresk_maturity,43,2011.0,Nyala,98.0,85.93359059898698,per_plot
lidar_only,muresk_maturity,44,2012.0,Ironbark,79.0,80.4000355356784,per_plot
lidar_only,muresk_maturity,45,2013.0,Sunmaster,87.5,82.43176732666528,per_plot
lidar_only,muresk_maturity,46,2014.0,Shotgun,93.0,83.26592071199137,per_plot
lidar_only,muresk_maturity,47,2015.0,Magenta,91.0,85.64606463002644,per_plot
lidar_only,muresk_maturity,48,2016.0,Scepter,83.0,85.0619954949751,per_plot
lidar_only,muresk_maturity,49,2017.0,Ironbark,81.0,80.1025703429055,per_plot
lidar_only,muresk_maturity,50,2018.0,Bullaring,70.0,73.75667627547467,per_plot
lidar_only,muresk_maturity,51,2019.0,Calibre,86.0,86.36203039324415,per_plot
lidar_only,muresk_maturity,52,2020.0,Sunmaster,88.0,84.68397856781144,per_plot
lidar_only,muresk_maturity,53,2021.0,Scepter,81.0,85.1900614541308,per_plot
lidar_only,muresk_maturity,54,2022.0,Nyala,87.0,83.7555418039201,per_plot
lidar_only,muresk_maturity,55,2023.0,Magenta,76.5,85.14257296398219,per_plot
lidar_only,muresk_maturity,56,2024.0,Shotgun,85.0,85.42039779345278,per_plot
lidar_only,muresk_maturity,57,2025.0,Scepter,81.0,85.58413357159189,per_plot
lidar_only,muresk_maturity,58,2026.0,Bullaring,72.0,77.40817112811351,per_plot
lidar_only,muresk_maturity,59,2027.0,Magenta,80.0,85.94209365385755,per_plot
lidar_only,muresk_maturity,60,2028.0,Shotgun,82.0,85.79245917463466,per_plot
lidar_only,muresk_maturity,61,2029.0,Nyala,84.0,85.60830246865875,per_plot
lidar_only,muresk_maturity,62,2030.0,Sunmaster,90.0,84.83937627809061,per_plot
lidar_only,muresk_maturity,63,2031.0,Calibre,89.0,87.51143640433237,per_plot
lidar_only,muresk_maturity,64,2032.0,Ironbark,79.0,82.95806797154972,per_plot
lidar_only,muresk_maturity,65,3001.0,Nyala,84.0,85.18538982698445,per_plot
lidar_only,muresk_maturity,66,3002.0,Bullaring,81.0,78.59148511143769,per_plot
lidar_only,muresk_maturity,67,3003.0,Shotgun,88.0,86.26663521001983,per_plot
lidar_only,muresk_maturity,68,3004.0,Scepter,80.0,87.2599404536289,per_plot
lidar_only,muresk_maturity,69,3005.0,Sunmaster,91.0,86.53537429258789,per_plot
lidar_only,muresk_maturity,70,3006.0,Calibre,87.0,86.6060768387588,per_plot
lidar_only,muresk_maturity,71,3007.0,Ironbark,83.0,82.09873910384583,per_plot
lidar_only,muresk_maturity,72,3008.0,Magenta,87.0,83.34550764247982,per_plot
lidar_only,muresk_maturity,73,3009.0,Shotgun,85.0,86.14002214944044,per_plot
lidar_only,muresk_maturity,74,3010.0,Ironbark,85.0,81.18126348931807,per_plot
lidar_only,muresk_maturity,75,3011.0,Scepter,77.0,86.19582644394727,per_plot
lidar_only,muresk_maturity,76,3012.0,Magenta,79.0,83.89706980786241,per_plot
lidar_only,muresk_maturity,77,3013.0,Calibre,85.0,86.01876226841927,per_plot
lidar_only,muresk_maturity,78,3014.0,Nyala,88.0,83.76804828688424,per_plot
lidar_only,muresk_maturity,79,3015.0,Bullaring,71.0,76.86014016749023,per_plot
lidar_only,muresk_maturity,80,3016.0,Sunmaster,87.0,84.87632648314931,per_plot
lidar_only,muresk_maturity,81,3017.0,Magenta,88.0,85.99783603733599,per_plot
lidar_only,muresk_maturity,82,3018.0,Calibre,85.0,86.8184139122591,per_plot
lidar_only,muresk_maturity,83,3019.0,Nyala,89.0,85.88013012248163,per_plot
lidar_only,muresk_maturity,84,3020.0,Bullaring,75.0,82.09983681065812,per_plot
lidar_only,muresk_maturity,85,3021.0,Sunmaster,82.0,85.17620298149693,per_plot
lidar_only,muresk_maturity,86,3022.0,Shotgun,88.0,86.85881419662724,per_plot
lidar_only,muresk_maturity,87,3023.0,Ironbark,84.0,85.607614163696,per_plot
lidar_only,muresk_maturity,88,3024.0,Scepter,85.0,85.52172141287416,per_plot
lidar_only,muresk_maturity,89,3025.0,Shotgun,82.0,84.24812840376046,per_plot
lidar_only,muresk_maturity,90,3026.0,Ironbark,83.0,85.3350830306387,per_plot
lidar_only,muresk_maturity,91,3027.0,Bullaring,75.0,82.32858379676584,per_plot
lidar_only,muresk_maturity,92,3028.0,Scepter,82.0,85.75610533742025,per_plot
lidar_only,muresk_maturity,93,3029.0,Calibre,88.0,87.71356437959872,per_plot
lidar_only,muresk_maturity,94,3030.0,Magenta,86.0,86.2839875966404,per_plot
lidar_only,muresk_maturity,95,3031.0,Sunmaster,85.0,85.84741181314425,per_plot
lidar_only,muresk_maturity,96,3032.0,Nyala,87.0,83.68105229064095,per_plot
lidar_only,muresk_maturity,97,4001.0,Sunmaster,87.0,83.71351134754693,per_plot
lidar_only,muresk_maturity,98,4002.0,Calibre,85.0,83.97735976235712,per_plot
lidar_only,muresk_maturity,99,4003.0,Ironbark,81.0,82.37102411021671,per_plot
lidar_only,muresk_maturity,100,4004.0,Magenta,86.0,87.17505694361554,per_plot
lidar_only,muresk_maturity,101,4005.0,Scepter,87.0,86.45844422532538,per_plot
lidar_only,muresk_maturity,102,4006.0,Bullaring,81.0,82.64855683495773,per_plot
lidar_only,muresk_maturity,103,4007.0,Nyala,85.0,86.6951869904019,per_plot
lidar_only,muresk_maturity,104,4008.0,Shotgun,86.0,85.89925607797448,per_plot
lidar_only,muresk_maturity,105,4009.0,Sunmaster,86.0,84.36766915360894,per_plot
lidar_only,muresk_maturity,106,4010.0,Nyala,92.0,86.57769685369063,per_plot
lidar_only,muresk_maturity,107,4011.0,Bullaring,79.0,81.05741563626431,per_plot
lidar_only,muresk_maturity,108,4012.0,Calibre,80.0,85.75534161632731,per_plot
lidar_only,muresk_maturity,109,4013.0,Magenta,86.0,86.75782835649314,per_plot
lidar_only,muresk_maturity,110,4014.0,Scepter,80.0,82.77018013978531,per_plot
lidar_only,muresk_maturity,111,4015.0,Shotgun,86.0,86.19720715092613,per_plot
lidar_only,muresk_maturity,112,4016.0,Ironbark,87.0,85.0195626927887,per_plot
lidar_only,muresk_maturity,113,4017.0,Sunmaster,85.0,85.96146710172128,per_plot
lidar_only,muresk_maturity,114,4018.0,Shotgun,83.0,86.78139627653067,per_plot
lidar_only,muresk_maturity,115,4019.0,Ironbark,86.0,86.32972937637757,per_plot
lidar_only,muresk_maturity,116,4020.0,Scepter,86.0,88.16716433021932,per_plot
lidar_only,muresk_maturity,117,4021.0,Calibre,90.0,88.89153307398597,per_plot
lidar_only,muresk_maturity,118,4022.0,Magenta,85.0,87.7359509825871,per_plot
lidar_only,muresk_maturity,119,4023.0,Nyala,95.0,87.12508973619036,per_plot
lidar_only,muresk_maturity,120,4024.0,Bullaring,72.0,85.68508086907596,per_plot
lidar_only,muresk_maturity,121,4025.0,Calibre,89.0,88.24858309878324,per_plot
lidar_only,muresk_maturity,122,4026.0,Magenta,90.0,87.56447018031848,per_plot
lidar_only,muresk_maturity,123,4027.0,Sunmaster,88.0,86.26768602833269,per_plot
lidar_only,muresk_maturity,124,4028.0,Nyala,88.0,85.4698549936073,per_plot
lidar_only,muresk_maturity,125,4029.0,Scepter,87.0,84.82293017484527,per_plot
lidar_only,muresk_maturity,126,4030.0,Ironbark,86.0,84.62581211814421,per_plot
lidar_only,muresk_maturity,127,4031.0,Bullaring,74.0,79.70481353292719,per_plot
lidar_only,muresk_maturity,128,4032.0,Shotgun,86.0,83.91314869373343,per_plot
vnir_only,muresk_anthesis,1,1001.0,Scepter,84.0,86.68840181482659,per_plot
vnir_only,muresk_anthesis,2,1002.0,Ironbark,79.0,87.62087355507067,per_plot
vnir_only,muresk_anthesis,3,1003.0,Calibre,89.0,86.80611076453528,per_plot
vnir_only,muresk_anthesis,4,1004.0,Nyala,92.5,86.68250994862424,per_plot
vnir_only,muresk_anthesis,5,1005.0,Magenta,95.0,84.97438505453638,per_plot
vnir_only,muresk_anthesis,6,1006.0,Shotgun,85.5,86.39932116586255,per_plot
vnir_only,muresk_anthesis,7,1007.0,Bullaring,83.0,85.00170174045326,per_plot
vnir_only,muresk_anthesis,8,1008.0,Sunmaster,92.5,85.1556205994096,per_plot
vnir_only,muresk_anthesis,9,1009.0,Scepter,82.5,84.91818672213007,per_plot
vnir_only,muresk_anthesis,10,1010.0,Magenta,87.5,84.9772187738986,per_plot
vnir_only,muresk_anthesis,11,1011.0,Shotgun,86.5,86.21206124545967,per_plot
vnir_only,muresk_anthesis,12,1012.0,Sunmaster,89.0,84.97675584480575,per_plot
vnir_only,muresk_anthesis,13,1013.0,Ironbark,82.0,86.54418902699848,per_plot
vnir_only,muresk_anthesis,14,1014.0,Bullaring,83.0,85.15557644227906,per_plot
vnir_only,muresk_anthesis,15,1015.0,Nyala,92.0,85.69355827942742,per_plot
vnir_only,muresk_anthesis,16,1016.0,Calibre,90.0,86.34716036572537,per_plot
vnir_only,muresk_anthesis,17,1017.0,Scepter,86.5,84.97477844752932,per_plot
vnir_only,muresk_anthesis,18,1018.0,Nyala,91.5,86.13384576564435,per_plot
vnir_only,muresk_anthesis,19,1019.0,Shotgun,88.0,86.36412474621945,per_plot
vnir_only,muresk_anthesis,20,1020.0,Magenta,82.0,85.1357531910675,per_plot
vnir_only,muresk_anthesis,21,1021.0,Bullaring,75.0,84.04161923690742,per_plot
vnir_only,muresk_anthesis,22,1022.0,Ironbark,82.0,85.15554954588254,per_plot
vnir_only,muresk_anthesis,23,1023.0,Sunmaster,80.0,84.48434152985232,per_plot
vnir_only,muresk_anthesis,24,1024.0,Calibre,88.0,84.89885026155355,per_plot
vnir_only,muresk_anthesis,25,1025.0,Nyala,89.0,84.94559418812719,per_plot
vnir_only,muresk_anthesis,26,1026.0,Sunmaster,86.0,84.96428185375082,per_plot
vnir_only,muresk_anthesis,27,1027.0,Ironbark,80.0,85.15574946691173,per_plot
vnir_only,muresk_anthesis,28,1028.0,Calibre,84.0,83.98422338891694,per_plot
vnir_only,muresk_anthesis,29,1029.0,Shotgun,81.0,84.71603061755762,per_plot
vnir_only,muresk_anthesis,30,1030.0,Bullaring,77.0,84.94618676240357,per_plot
vnir_only,muresk_anthesis,31,1031.0,Magenta,89.0,84.80186011063445,per_plot
vnir_only,muresk_anthesis,32,1032.0,Scepter,87.0,85.15560235234793,per_plot
vnir_only,muresk_anthesis,33,2001.0,Magenta,86.0,84.9138794671821,per_plot
vnir_only,muresk_anthesis,34,2002.0,Shotgun,81.0,84.31290494161776,per_plot
vnir_only,muresk_anthesis,35,2003.0,Bullaring,82.0,84.02170782317748,per_plot
vnir_only,muresk_anthesis,36,2004.0,Sunmaster,89.0,85.15557393852424,per_plot
vnir_only,muresk_anthesis,37,2005.0,Nyala,97.0,85.15558562271342,per_plot
vnir_only,muresk_anthesis,38,2006.0,Ironbark,81.0,86.39170231580194,per_plot
vnir_only,muresk_anthesis,39,2007.0,Calibre,89.0,84.97279539783669,per_plot
vnir_only,muresk_anthesis,40,2008.0,Scepter,81.0,85.15551608661352,per_plot
vnir_only,muresk_anthesis,41,2009.0,Calibre,84.0,84.97094997878807,per_plot
vnir_only,muresk_anthesis,42,2010.0,Bullaring,78.0,85.15534211358886,per_plot
vnir_only,muresk_anthesis,43,2011.0,Nyala,98.0,84.05920492795485,per_plot
vnir_only,muresk_anthesis,44,2012.0,Ironbark,79.0,85.15568171378874,per_plot
vnir_only,muresk_anthesis,45,2013.0,Sunmaster,87.5,84.0522130029281,per_plot
vnir_only,muresk_anthesis,46,2014.0,Shotgun,93.0,83.60046484455023,per_plot
vnir_only,muresk_anthesis,47,2015.0,Magenta,91.0,84.54426702376867,per_plot
vnir_only,muresk_anthesis,48,2016.0,Scepter,83.0,84.71938481443796,per_plot
vnir_only,muresk_anthesis,49,2017.0,Ironbark,81.0,84.96017607519488,per_plot
vnir_only,muresk_anthesis,50,2018.0,Bullaring,70.0,84.96231134180016,per_plot
vnir_only,muresk_anthesis,51,2019.0,Calibre,86.0,84.06911274102488,per_plot
vnir_only,muresk_anthesis,52,2020.0,Sunmaster,88.0,86.36162250882178,per_plot
vnir_only,muresk_anthesis,53,2021.0,Scepter,81.0,84.97388049103566,per_plot
vnir_only,muresk_anthesis,54,2022.0,Nyala,87.0,84.89958966587614,per_plot
vnir_only,muresk_anthesis,55,2023.0,Magenta,76.5,84.8993969146903,per_plot
vnir_only,muresk_anthesis,56,2024.0,Shotgun,85.0,84.05631438094527,per_plot
vnir_only,muresk_anthesis,57,2025.0,Scepter,81.0,84.73557879715958,per_plot
vnir_only,muresk_anthesis,58,2026.0,Bullaring,72.0,84.03723220322617,per_plot
vnir_only,muresk_anthesis,59,2027.0,Magenta,80.0,84.97143656077687,per_plot
vnir_only,muresk_anthesis,60,2028.0,Shotgun,82.0,84.0708281924367,per_plot
vnir_only,muresk_anthesis,61,2029.0,Nyala,84.0,84.72799981749776,per_plot
vnir_only,muresk_anthesis,62,2030.0,Sunmaster,90.0,84.80323366673778,per_plot
vnir_only,muresk_anthesis,63,2031.0,Calibre,89.0,84.19373402670544,per_plot
vnir_only,muresk_anthesis,64,2032.0,Ironbark,79.0,84.45558575394635,per_plot
vnir_only,muresk_anthesis,65,3001.0,Nyala,84.0,84.97391914749274,per_plot
vnir_only,muresk_anthesis,66,3002.0,Bullaring,81.0,87.67393160989144,per_plot
vnir_only,muresk_anthesis,67,3003.0,Shotgun,88.0,86.2188321572196,per_plot
vnir_only,muresk_anthesis,68,3004.0,Scepter,80.0,84.97593719284939,per_plot
vnir_only,muresk_anthesis,69,3005.0,Sunmaster,91.0,86.24750910278426,per_plot
vnir_only,muresk_anthesis,70,3006.0,Calibre,87.0,84.96654354100691,per_plot
vnir_only,muresk_anthesis,71,3007.0,Ironbark,83.0,84.9022248298936,per_plot
vnir_only,muresk_anthesis,72,3008.0,Magenta,87.0,84.9733268387661,per_plot
vnir_only,muresk_anthesis,73,3009.0,Shotgun,85.0,85.96935863344373,per_plot
vnir_only,muresk_anthesis,74,3010.0,Ironbark,85.0,85.39966533781869,per_plot
vnir_only,muresk_anthesis,75,3011.0,Scepter,77.0,84.62105911896606,per_plot
vnir_only,muresk_anthesis,76,3012.0,Magenta,79.0,85.13195636068266,per_plot
vnir_only,muresk_anthesis,77,3013.0,Calibre,85.0,83.99495326815446,per_plot
vnir_only,muresk_anthesis,78,3014.0,Nyala,88.0,84.89874252422472,per_plot
vnir_only,muresk_anthesis,79,3015.0,Bullaring,71.0,85.01278741842566,per_plot
vnir_only,muresk_anthesis,80,3016.0,Sunmaster,87.0,84.96715256040021,per_plot
vnir_only,muresk_anthesis,81,3017.0,Magenta,88.0,84.69886343292274,per_plot
vnir_only,muresk_anthesis,82,3018.0,Calibre,85.0,85.15568914918185,per_plot
vnir_only,muresk_anthesis,83,3019.0,Nyala,89.0,83.53597312777208,per_plot
vnir_only,muresk_anthesis,84,3020.0,Bullaring,75.0,84.99500954522759,per_plot
vnir_only,muresk_anthesis,85,3021.0,Sunmaster,82.0,86.3873711234404,per_plot
vnir_only,muresk_anthesis,86,3022.0,Shotgun,88.0,84.83675209645226,per_plot
vnir_only,muresk_anthesis,87,3023.0,Ironbark,84.0,86.36457557383063,per_plot
vnir_only,muresk_anthesis,88,3024.0,Scepter,85.0,84.0467349011784,per_plot
vnir_only,muresk_anthesis,89,3025.0,Shotgun,82.0,85.27469443691895,per_plot
vnir_only,muresk_anthesis,90,3026.0,Ironbark,83.0,85.83876907910299,per_plot
vnir_only,muresk_anthesis,91,3027.0,Bullaring,75.0,83.473880615087,per_plot
vnir_only,muresk_anthesis,92,3028.0,Scepter,82.0,84.7113786031574,per_plot
vnir_only,muresk_anthesis,93,3029.0,Calibre,88.0,84.94642050309075,per_plot
vnir_only,muresk_anthesis,94,3030.0,Magenta,86.0,84.94727817189313,per_plot
vnir_only,muresk_anthesis,95,3031.0,Sunmaster,85.0,84.74081293455657,per_plot
vnir_only,muresk_anthesis,96,3032.0,Nyala,87.0,84.89858053887468,per_plot
vnir_only,muresk_anthesis,97,4001.0,Sunmaster,87.0,84.7100565826742,per_plot
vnir_only,muresk_anthesis,98,4002.0,Calibre,85.0,83.97792856993051,per_plot
vnir_only,muresk_anthesis,99,4003.0,Ironbark,81.0,84.94357117319656,per_plot
vnir_only,muresk_anthesis,100,4004.0,Magenta,86.0,84.89921034702017,per_plot
vnir_only,muresk_anthesis,101,4005.0,Scepter,87.0,84.89846320381903,per_plot
vnir_only,muresk_anthesis,102,4006.0,Bullaring,81.0,83.97944455554128,per_plot
vnir_only,muresk_anthesis,103,4007.0,Nyala,85.0,84.92334328106318,per_plot
vnir_only,muresk_anthesis,104,4008.0,Shotgun,86.0,84.71783290373904,per_plot
vnir_only,muresk_anthesis,105,4009.0,Sunmaster,86.0,86.36204526403039,per_plot
vnir_only,muresk_anthesis,106,4010.0,Nyala,92.0,84.14495670979292,per_plot
vnir_only,muresk_anthesis,107,4011.0,Bullaring,79.0,83.43790120302594,per_plot
vnir_only,muresk_anthesis,108,4012.0,Calibre,80.0,84.27622994094355,per_plot
vnir_only,muresk_anthesis,109,4013.0,Magenta,86.0,85.15572549156249,per_plot
vnir_only,muresk_anthesis,110,4014.0,Scepter,80.0,84.89903644986688,per_plot
vnir_only,muresk_anthesis,111,4015.0,Shotgun,86.0,84.62345862654455,per_plot
vnir_only,muresk_anthesis,112,4016.0,Ironbark,87.0,84.97294829759156,per_plot
vnir_only,muresk_anthesis,113,4017.0,Sunmaster,85.0,86.38026379807762,per_plot
vnir_only,muresk_anthesis,114,4018.0,Shotgun,83.0,85.30880885512093,per_plot
vnir_only,muresk_anthesis,115,4019.0,Ironbark,86.0,84.90795342093283,per_plot
vnir_only,muresk_anthesis,116,4020.0,Scepter,86.0,86.35598526689797,per_plot
vnir_only,muresk_anthesis,117,4021.0,Calibre,90.0,85.6792436302516,per_plot
vnir_only,muresk_anthesis,118,4022.0,Magenta,85.0,83.42138158043439,per_plot
vnir_only,muresk_anthesis,119,4023.0,Nyala,95.0,84.30451216576651,per_plot
vnir_only,muresk_anthesis,120,4024.0,Bullaring,72.0,84.68953138862322,per_plot
vnir_only,muresk_anthesis,121,4025.0,Calibre,89.0,84.97306678968543,per_plot
vnir_only,muresk_anthesis,122,4026.0,Magenta,90.0,85.15568027223293,per_plot
vnir_only,muresk_anthesis,123,4027.0,Sunmaster,88.0,84.99567618891753,per_plot
vnir_only,muresk_anthesis,124,4028.0,Nyala,88.0,84.89905276220892,per_plot
vnir_only,muresk_anthesis,125,4029.0,Scepter,87.0,84.07587940398876,per_plot
vnir_only,muresk_anthesis,126,4030.0,Ironbark,86.0,84.9521541395753,per_plot
vnir_only,muresk_anthesis,127,4031.0,Bullaring,74.0,84.20378007739035,per_plot
vnir_only,muresk_anthesis,128,4032.0,Shotgun,86.0,84.27383498564656,per_plot
vnir_only,muresk_maturity,1,1001.0,Scepter,84.0,84.79888411350754,per_plot
vnir_only,muresk_maturity,2,1002.0,Ironbark,79.0,85.30854793351965,per_plot
vnir_only,muresk_maturity,3,1003.0,Calibre,89.0,85.10158714240616,per_plot
vnir_only,muresk_maturity,4,1004.0,Nyala,92.5,85.28801926835402,per_plot
vnir_only,muresk_maturity,5,1005.0,Magenta,95.0,85.10170428778342,per_plot
vnir_only,muresk_maturity,6,1006.0,Shotgun,85.5,84.9464245053049,per_plot
vnir_only,muresk_maturity,7,1007.0,Bullaring,83.0,85.27058881010572,per_plot
vnir_only,muresk_maturity,8,1008.0,Sunmaster,92.5,85.15306119294344,per_plot
vnir_only,muresk_maturity,9,1009.0,Scepter,82.5,85.00854727169411,per_plot
vnir_only,muresk_maturity,10,1010.0,Magenta,87.5,85.30740356582197,per_plot
vnir_only,muresk_maturity,11,1011.0,Shotgun,86.5,85.10135922484575,per_plot
vnir_only,muresk_maturity,12,1012.0,Sunmaster,89.0,84.80546511925758,per_plot
vnir_only,muresk_maturity,13,1013.0,Ironbark,82.0,84.94631771636806,per_plot
vnir_only,muresk_maturity,14,1014.0,Bullaring,83.0,85.14536169162892,per_plot
vnir_only,muresk_maturity,15,1015.0,Nyala,92.0,85.2671095013555,per_plot
vnir_only,muresk_maturity,16,1016.0,Calibre,90.0,85.24216884083172,per_plot
vnir_only,muresk_maturity,17,1017.0,Scepter,86.5,84.96148043661942,per_plot
vnir_only,muresk_maturity,18,1018.0,Nyala,91.5,84.78962703011005,per_plot
vnir_only,muresk_maturity,19,1019.0,Shotgun,88.0,85.10086727495835,per_plot
vnir_only,muresk_maturity,20,1020.0,Magenta,82.0,85.2495368601817,per_plot
vnir_only,muresk_maturity,21,1021.0,Bullaring,75.0,84.79645334692941,per_plot
vnir_only,muresk_maturity,22,1022.0,Ironbark,82.0,84.79763498643186,per_plot
vnir_only,muresk_maturity,23,1023.0,Sunmaster,80.0,85.14971890786636,per_plot
vnir_only,muresk_maturity,24,1024.0,Calibre,88.0,84.94645648508244,per_plot
vnir_only,muresk_maturity,25,1025.0,Nyala,89.0,85.15374995313434,per_plot
vnir_only,muresk_maturity,26,1026.0,Sunmaster,86.0,84.78139195287709,per_plot
vnir_only,muresk_maturity,27,1027.0,Ironbark,80.0,85.3009972159388,per_plot
vnir_only,muresk_maturity,28,1028.0,Calibre,84.0,84.94635887657995,per_plot
vnir_only,muresk_maturity,29,1029.0,Shotgun,81.0,85.26711473647923,per_plot
vnir_only,muresk_maturity,30,1030.0,Bullaring,77.0,85.00837538513183,per_plot
vnir_only,muresk_maturity,31,1031.0,Magenta,89.0,85.00851119486323,per_plot
vnir_only,muresk_maturity,32,1032.0,Scepter,87.0,84.94634108474642,per_plot
vnir_only,muresk_maturity,33,2001.0,Magenta,86.0,84.94632175651788,per_plot
vnir_only,muresk_maturity,34,2002.0,Shotgun,81.0,85.2670721726472,per_plot
vnir_only,muresk_maturity,35,2003.0,Bullaring,82.0,84.96087490730861,per_plot
vnir_only,muresk_maturity,36,2004.0,Sunmaster,89.0,84.94650075602001,per_plot
vnir_only,muresk_maturity,37,2005.0,Nyala,97.0,85.26712702763928,per_plot
vnir_only,muresk_maturity,38,2006.0,Ironbark,81.0,85.15598633729243,per_plot
vnir_only,muresk_maturity,39,2007.0,Calibre,89.0,85.1507036422261,per_plot
vnir_only,muresk_maturity,40,2008.0,Scepter,81.0,85.28095723819217,per_plot
vnir_only,muresk_maturity,41,2009.0,Calibre,84.0,85.30380779453672,per_plot
vnir_only,muresk_maturity,42,2010.0,Bullaring,78.0,84.77433320415149,per_plot
vnir_only,muresk_maturity,43,2011.0,Nyala,98.0,85.24169206521599,per_plot
vnir_only,muresk_maturity,44,2012.0,Ironbark,79.0,85.2670723623256,per_plot
vnir_only,muresk_maturity,45,2013.0,Sunmaster,87.5,85.10153448768348,per_plot
vnir_only,muresk_maturity,46,2014.0,Shotgun,93.0,85.0084442383895,per_plot
vnir_only,muresk_maturity,47,2015.0,Magenta,91.0,85.30736069850452,per_plot
vnir_only,muresk_maturity,48,2016.0,Scepter,83.0,85.00856434274974,per_plot
vnir_only,muresk_maturity,49,2017.0,Ironbark,81.0,85.247567770819,per_plot
vnir_only,muresk_maturity,50,2018.0,Bullaring,70.0,84.95881537928678,per_plot
vnir_only,muresk_maturity,51,2019.0,Calibre,86.0,85.28374907656458,per_plot
vnir_only,muresk_maturity,52,2020.0,Sunmaster,88.0,84.96067377233767,per_plot
vnir_only,muresk_maturity,53,2021.0,Scepter,81.0,85.10098730344723,per_plot
vnir_only,muresk_maturity,54,2022.0,Nyala,87.0,85.26706018497259,per_plot
vnir_only,muresk_maturity,55,2023.0,Magenta,76.5,84.80183292972033,per_plot
vnir_only,muresk_maturity,56,2024.0,Shotgun,85.0,84.79360124773065,per_plot
vnir_only,muresk_maturity,57,2025.0,Scepter,81.0,85.10092334389215,per_plot
vnir_only,muresk_maturity,58,2026.0,Bullaring,72.0,85.26719523599041,per_plot
vnir_only,muresk_maturity,59,2027.0,Magenta,80.0,85.24933413191225,per_plot
vnir_only,muresk_maturity,60,2028.0,Shotgun,82.0,85.27543513105464,per_plot
vnir_only,muresk_maturity,61,2029.0,Nyala,84.0,84.94647241806769,per_plot
vnir_only,muresk_maturity,62,2030.0,Sunmaster,90.0,84.79012267872618,per_plot
vnir_only,muresk_maturity,63,2031.0,Calibre,89.0,84.80156865081143,per_plot
vnir_only,muresk_maturity,64,2032.0,Ironbark,79.0,84.94646044936091,per_plot
vnir_only,muresk_maturity,65,3001.0,Nyala,84.0,85.10178258702521,per_plot
vnir_only,muresk_maturity,66,3002.0,Bullaring,81.0,85.00866513784928,per_plot
vnir_only,muresk_maturity,67,3003.0,Shotgun,88.0,84.95898002013435,per_plot
vnir_only,muresk_maturity,68,3004.0,Scepter,80.0,84.96123256489176,per_plot
vnir_only,muresk_maturity,69,3005.0,Sunmaster,91.0,84.7917777175689,per_plot
vnir_only,muresk_maturity,70,3006.0,Calibre,87.0,84.80050905038885,per_plot
vnir_only,muresk_maturity,71,3007.0,Ironbark,83.0,84.9627201746145,per_plot
vnir_only,muresk_maturity,72,3008.0,Magenta,87.0,85.00860398553446,per_plot
vnir_only,muresk_maturity,73,3009.0,Shotgun,85.0,85.2794935279473,per_plot
vnir_only,muresk_maturity,74,3010.0,Ironbark,85.0,85.00858103444857,per_plot
vnir_only,muresk_maturity,75,3011.0,Scepter,77.0,85.26711139813946,per_plot
vnir_only,muresk_maturity,76,3012.0,Magenta,79.0,85.30770181613157,per_plot
vnir_only,muresk_maturity,77,3013.0,Calibre,85.0,85.24707749010149,per_plot
vnir_only,muresk_maturity,78,3014.0,Nyala,88.0,84.94640216118987,per_plot
vnir_only,muresk_maturity,79,3015.0,Bullaring,71.0,85.23134875054915,per_plot
vnir_only,muresk_maturity,80,3016.0,Sunmaster,87.0,85.10056591392306,per_plot
vnir_only,muresk_maturity,81,3017.0,Magenta,88.0,84.80729925244165,per_plot
vnir_only,muresk_maturity,82,3018.0,Calibre,85.0,84.7800765901056,per_plot
vnir_only,muresk_maturity,83,3019.0,Nyala,89.0,85.00850755303803,per_plot
vnir_only,muresk_maturity,84,3020.0,Bullaring,75.0,85.10102690829626,per_plot
vnir_only,muresk_maturity,85,3021.0,Sunmaster,82.0,85.1560630432357,per_plot
vnir_only,muresk_maturity,86,3022.0,Shotgun,88.0,84.96058545807658,per_plot
vnir_only,muresk_maturity,87,3023.0,Ironbark,84.0,85.2671040386177,per_plot
vnir_only,muresk_maturity,88,3024.0,Scepter,85.0,85.28198081868737,per_plot
vnir_only,muresk_maturity,89,3025.0,Shotgun,82.0,84.9615199655971,per_plot
vnir_only,muresk_maturity,90,3026.0,Ironbark,83.0,84.79851183172006,per_plot
vnir_only,muresk_maturity,91,3027.0,Bullaring,75.0,85.10036386849583,per_plot
vnir_only,muresk_maturity,92,3028.0,Scepter,82.0,85.22598267286001,per_plot
vnir_only,muresk_maturity,93,3029.0,Calibre,88.0,85.24366069935053,per_plot
vnir_only,muresk_maturity,94,3030.0,Magenta,86.0,85.14981685778996,per_plot
vnir_only,muresk_maturity,95,3031.0,Sunmaster,85.0,84.94658631994437,per_plot
vnir_only,muresk_maturity,96,3032.0,Nyala,87.0,84.96154234764782,per_plot
vnir_only,muresk_maturity,97,4001.0,Sunmaster,87.0,84.79548407135893,per_plot
vnir_only,muresk_maturity,98,4002.0,Calibre,85.0,85.26711572280689,per_plot
vnir_only,muresk_maturity,99,4003.0,Ironbark,81.0,85.24732263046025,per_plot
vnir_only,muresk_maturity,100,4004.0,Magenta,86.0,84.80195847785052,per_plot
vnir_only,muresk_maturity,101,4005.0,Scepter,87.0,84.79978755170683,per_plot
vnir_only,muresk_maturity,102,4006.0,Bullaring,81.0,85.1543985773767,per_plot
vnir_only,muresk_maturity,103,4007.0,Nyala,85.0,84.94638442625985,per_plot
vnir_only,muresk_maturity,104,4008.0,Shotgun,86.0,85.26711101878267,per_plot
vnir_only,muresk_maturity,105,4009.0,Sunmaster,86.0,85.15242470811842,per_plot
vnir_only,muresk_maturity,106,4010.0,Nyala,92.0,84.80747248572055,per_plot
vnir_only,muresk_maturity,107,4011.0,Bullaring,79.0,85.26711875766122,per_plot
vnir_only,muresk_maturity,108,4012.0,Calibre,80.0,84.80461044737385,per_plot
vnir_only,muresk_maturity,109,4013.0,Magenta,86.0,85.10166635210426,per_plot
vnir_only,muresk_maturity,110,4014.0,Scepter,80.0,85.2403239528826,per_plot
vnir_only,muresk_maturity,111,4015.0,Shotgun,86.0,85.14907718791761,per_plot
vnir_only,muresk_maturity,112,4016.0,Ironbark,87.0,84.96222837646982,per_plot
vnir_only,muresk_maturity,113,4017.0,Sunmaster,85.0,84.79199061260037,per_plot
vnir_only,muresk_maturity,114,4018.0,Shotgun,83.0,85.1488361446122,per_plot
vnir_only,muresk_maturity,115,4019.0,Ironbark,86.0,84.80654806909068,per_plot
vnir_only,muresk_maturity,116,4020.0,Scepter,86.0,84.96129599334732,per_plot
vnir_only,muresk_maturity,117,4021.0,Calibre,90.0,85.00857602693893,per_plot
vnir_only,muresk_maturity,118,4022.0,Magenta,85.0,85.15773797934216,per_plot
vnir_only,muresk_maturity,119,4023.0,Nyala,95.0,84.79912819166728,per_plot
vnir_only,muresk_maturity,120,4024.0,Bullaring,72.0,85.1001967997648,per_plot
vnir_only,muresk_maturity,121,4025.0,Calibre,89.0,85.00870166990832,per_plot
vnir_only,muresk_maturity,122,4026.0,Magenta,90.0,84.80680646796931,per_plot
vnir_only,muresk_maturity,123,4027.0,Sunmaster,88.0,85.23525878100061,per_plot
vnir_only,muresk_maturity,124,4028.0,Nyala,88.0,85.00864021410807,per_plot
vnir_only,muresk_maturity,125,4029.0,Scepter,87.0,84.94663207037344,per_plot
vnir_only,muresk_maturity,126,4030.0,Ironbark,86.0,85.26708598123442,per_plot
vnir_only,muresk_maturity,127,4031.0,Bullaring,74.0,85.21554800907775,per_plot
vnir_only,muresk_maturity,128,4032.0,Shotgun,86.0,84.95786797363533,per_plot
