flight,family,learner,R2,RMSE,accuracy,features,model_file
2025-09-30,LiDAR_core,Ridge,0.5457306501419958,3.4317406910467994,96.74746688852991,"cth_p99, cth_p95, I_canopy_p90, H_topN_mean, H999, I_canopy_mean, tip_thin, vox_volume_m3_per_m2, canopy_pts_per_m2, H_sd",height_LiDAR_core_Ridge_2025-09-30.joblib
2025-09-30,LiDAR_all,Ridge,0.4816752522555364,3.665715189423876,96.52699695491978,"cth_p99, Pgap_interior_below_060cm, cth_p95, cth_p90, H_kurt, H_topN_mean, H999, cells_sampled_frac, cth_max, n_points",height_LiDAR_all_Ridge_2025-09-30.joblib
2025-09-30,LiDAR+VNIR,Ridge,0.5762278393546789,3.3145452926049788,96.95285915203345,"cth_p99, cth_p95, spec_pc2, spec_pc3, H_topN_mean, H999, WBI_veg, I_canopy_p90, refl_RE1, I_canopy_mean",height_LiDAR_VNIR_Ridge_2025-09-30.joblib
2025-09-30,LiDAR_PCA,Ridge,0.49733626768303696,3.6099112293527456,96.57026026216751,"n_points, n_canopy, n_ground, pts_per_m2, canopy_pts_per_m2, H_mean, H25, H50, H75, H90, H95, H99, H999, H_max, H_sd, H_cv, H_skew, H_kurt, H_iqr, H_crr, H_topN_mean, Hall_mean, Hall_p95, Hall_p99, dens_1, dens_2, dens_3, dens_4, dens_5, dens_6, dens_7, dens_8, dens_9, dens_10, cover_5cm_of_sampled, cells_sampled_frac, Pgap, LAI_proxy, Pgap_below_020cm, Pgap_below_040cm, Pgap_below_060cm, Pgap_below_080cm, cover_2cm, ground_visible_2cm, ground_edge_frac, Pgap_interior, LAI_proxy_interior, cover_2cm_interior, ground_visible_2cm_interior, Pgap_interior_below_020cm, Pgap_interior_below_040cm, Pgap_interior_below_060cm, Pgap_interior_below_080cm, profile_area_m, vox_volume_m3, vox_volume_m3_per_m2, PVI_m, cth_p90, cth_p95, cth_p99, cth_max, cth_mean, cth_cover, tip_thin, roughness, rumple, I_canopy_mean, I_canopy_p50, I_canopy_p90, I_canopy_sd, I_ground_norm, I_canopy_x_cover",height_LiDAR_PCA_Ridge_2025-09-30.joblib
2025-09-30,LiDAR+VNIR_PCA,Ridge,0.5845745706936448,3.281740866824816,96.86692046753637,"n_points, n_canopy, n_ground, pts_per_m2, canopy_pts_per_m2, H_mean, H25, H50, H75, H90, H95, H99, H999, H_max, H_sd, H_cv, H_skew, H_kurt, H_iqr, H_crr, H_topN_mean, Hall_mean, Hall_p95, Hall_p99, dens_1, dens_2, dens_3, dens_4, dens_5, dens_6, dens_7, dens_8, dens_9, dens_10, cover_5cm_of_sampled, cells_sampled_frac, Pgap, LAI_proxy, Pgap_below_020cm, Pgap_below_040cm, Pgap_below_060cm, Pgap_below_080cm, cover_2cm, ground_visible_2cm, ground_edge_frac, Pgap_interior, LAI_proxy_interior, cover_2cm_interior, ground_visible_2cm_interior, Pgap_interior_below_020cm, Pgap_interior_below_040cm, Pgap_interior_below_060cm, Pgap_interior_below_080cm, profile_area_m, vox_volume_m3, vox_volume_m3_per_m2, PVI_m, cth_p90, cth_p95, cth_p99, cth_max, cth_mean, cth_cover, tip_thin, roughness, rumple, I_canopy_mean, I_canopy_p50, I_canopy_p90, I_canopy_sd, I_ground_norm, I_canopy_x_cover, fcover_vnir, valid_470_frac, valid_550_frac, valid_670_frac, NDVI_nb, NDVI_nb_sd, NDVI_nb_veg, NDVI_nb_veg_sd, NDRE740, NDRE740_sd, NDRE740_veg, NDRE740_veg_sd, NDRE720, NDRE720_sd, NDRE720_veg, NDRE720_veg_sd, NDREI, NDREI_sd, NDREI_veg, NDREI_veg_sd, REP, REP_sd, REP_veg, REP_veg_sd, S2REP, S2REP_sd, S2REP_veg, S2REP_veg_sd, LCI, LCI_sd, LCI_veg, LCI_veg_sd, MTCI, MTCI_sd, MTCI_veg, MTCI_veg_sd, CIRE, CIRE_sd, CIRE_veg, CIRE_veg_sd, CIre705, CIre705_sd, CIre705_veg, CIre705_veg_sd, VOG1, VOG1_sd, VOG1_veg, VOG1_veg_sd, OSAVI, OSAVI_sd, OSAVI_veg, OSAVI_veg_sd, SAVI, SAVI_sd, SAVI_veg, SAVI_veg_sd, GNDVI, GNDVI_sd, GNDVI_veg, GNDVI_veg_sd, kNDVI, kNDVI_sd, kNDVI_veg, kNDVI_veg_sd, NIRv, NIRv_sd, NIRv_veg, NIRv_veg_sd, WDRVI, WDRVI_sd, WDRVI_veg, WDRVI_veg_sd, MCARI, MCARI_sd, MCARI_veg, MCARI_veg_sd, TCARI, TCARI_sd, TCARI_veg, TCARI_veg_sd, TCARIOSAVI, TCARIOSAVI_sd, TCARIOSAVI_veg, TCARIOSAVI_veg_sd, PRI, PRI_sd, PRI_veg, PRI_veg_sd, WBI, WBI_sd, WBI_veg, WBI_veg_sd, NDWI970, NDWI970_sd, NDWI970_veg, NDWI970_veg_sd, SR705, SR705_sd, SR705_veg, SR705_veg_sd, ND705, ND705_sd, ND705_veg, ND705_veg_sd, GCC, GCC_sd, GCC_veg, GCC_veg_sd, CIG, CIG_sd, CIG_veg, CIG_veg_sd, RENDVI, RENDVI_sd, RENDVI_veg, RENDVI_veg_sd, PSRI, PSRI_sd, PSRI_veg, PSRI_veg_sd, refl_G, refl_R, refl_RE1, refl_RE2, refl_RE3, refl_N, refl_N2, red_edge_slope_max, red_edge_pos_deriv_nm, deriv_705, deriv_725, deriv_740, REP_guyot, red_depth, nir_plateau_slope, spec_pc1, spec_pc2, spec_pc3, spec_pc4, spec_pc5",height_LiDAR_VNIR_PCA_Ridge_2025-09-30.joblib
2025-09-30,LiDAR+VNIR_PCA_joint,Ridge,0.5908793527503625,3.256742678439676,96.88949463259566,"n_points, n_canopy, n_ground, pts_per_m2, canopy_pts_per_m2, H_mean, H25, H50, H75, H90, H95, H99, H999, H_max, H_sd, H_cv, H_skew, H_kurt, H_iqr, H_crr, H_topN_mean, Hall_mean, Hall_p95, Hall_p99, dens_1, dens_2, dens_3, dens_4, dens_5, dens_6, dens_7, dens_8, dens_9, dens_10, cover_5cm_of_sampled, cells_sampled_frac, Pgap, LAI_proxy, Pgap_below_020cm, Pgap_below_040cm, Pgap_below_060cm, Pgap_below_080cm, cover_2cm, ground_visible_2cm, ground_edge_frac, Pgap_interior, LAI_proxy_interior, cover_2cm_interior, ground_visible_2cm_interior, Pgap_interior_below_020cm, Pgap_interior_below_040cm, Pgap_interior_below_060cm, Pgap_interior_below_080cm, profile_area_m, vox_volume_m3, vox_volume_m3_per_m2, PVI_m, cth_p90, cth_p95, cth_p99, cth_max, cth_mean, cth_cover, tip_thin, roughness, rumple, I_canopy_mean, I_canopy_p50, I_canopy_p90, I_canopy_sd, I_ground_norm, I_canopy_x_cover, fcover_vnir, valid_470_frac, valid_550_frac, valid_670_frac, NDVI_nb, NDVI_nb_sd, NDVI_nb_veg, NDVI_nb_veg_sd, NDRE740, NDRE740_sd, NDRE740_veg, NDRE740_veg_sd, NDRE720, NDRE720_sd, NDRE720_veg, NDRE720_veg_sd, NDREI, NDREI_sd, NDREI_veg, NDREI_veg_sd, REP, REP_sd, REP_veg, REP_veg_sd, S2REP, S2REP_sd, S2REP_veg, S2REP_veg_sd, LCI, LCI_sd, LCI_veg, LCI_veg_sd, MTCI, MTCI_sd, MTCI_veg, MTCI_veg_sd, CIRE, CIRE_sd, CIRE_veg, CIRE_veg_sd, CIre705, CIre705_sd, CIre705_veg, CIre705_veg_sd, VOG1, VOG1_sd, VOG1_veg, VOG1_veg_sd, OSAVI, OSAVI_sd, OSAVI_veg, OSAVI_veg_sd, SAVI, SAVI_sd, SAVI_veg, SAVI_veg_sd, GNDVI, GNDVI_sd, GNDVI_veg, GNDVI_veg_sd, kNDVI, kNDVI_sd, kNDVI_veg, kNDVI_veg_sd, NIRv, NIRv_sd, NIRv_veg, NIRv_veg_sd, WDRVI, WDRVI_sd, WDRVI_veg, WDRVI_veg_sd, MCARI, MCARI_sd, MCARI_veg, MCARI_veg_sd, TCARI, TCARI_sd, TCARI_veg, TCARI_veg_sd, TCARIOSAVI, TCARIOSAVI_sd, TCARIOSAVI_veg, TCARIOSAVI_veg_sd, PRI, PRI_sd, PRI_veg, PRI_veg_sd, WBI, WBI_sd, WBI_veg, WBI_veg_sd, NDWI970, NDWI970_sd, NDWI970_veg, NDWI970_veg_sd, SR705, SR705_sd, SR705_veg, SR705_veg_sd, ND705, ND705_sd, ND705_veg, ND705_veg_sd, GCC, GCC_sd, GCC_veg, GCC_veg_sd, CIG, CIG_sd, CIG_veg, CIG_veg_sd, RENDVI, RENDVI_sd, RENDVI_veg, RENDVI_veg_sd, PSRI, PSRI_sd, PSRI_veg, PSRI_veg_sd, refl_G, refl_R, refl_RE1, refl_RE2, refl_RE3, refl_N, refl_N2, red_edge_slope_max, red_edge_pos_deriv_nm, deriv_705, deriv_725, deriv_740, REP_guyot, red_depth, nir_plateau_slope, spec_pc1, spec_pc2, spec_pc3, spec_pc4, spec_pc5",height_LiDAR_VNIR_PCA_joint_Ridge_2025-09-30.joblib
2025-09-30,VNIR_bands_PCA,RandomForest,0.23577553189344125,4.451108858820587,95.73384037342933,"sb_469.4, sb_472.9, sb_476.5, sb_480.0, sb_483.5, sb_487.0, sb_490.5, sb_494.0, sb_497.5, sb_501.1, sb_504.6, sb_508.1, sb_511.6, sb_515.1, sb_518.6, sb_522.1, sb_525.7, sb_529.2, sb_532.7, sb_536.2, sb_539.7, sb_543.2, sb_546.8, sb_550.3, sb_553.8, sb_557.3, sb_560.8, sb_564.3, sb_567.8, sb_571.4, sb_574.9, sb_578.4, sb_581.9, sb_585.4, sb_588.9, sb_592.4, sb_596.0, sb_599.5, sb_603.0, sb_606.5, sb_610.0, sb_613.5, sb_617.0, sb_620.6, sb_624.1, sb_627.6, sb_631.1, sb_634.6, sb_638.1, sb_641.6, sb_645.2, sb_648.7, sb_652.2, sb_655.7, sb_659.2, sb_662.7, sb_666.2, sb_669.8, sb_673.3, sb_676.8, sb_680.3, sb_683.8, sb_687.3, sb_690.8, sb_694.4, sb_697.9, sb_701.4, sb_704.9, sb_708.4, sb_711.9, sb_715.4, sb_719.0, sb_722.5, sb_726.0, sb_729.5, sb_733.0, sb_736.5, sb_740.0, sb_743.6, sb_747.1, sb_750.6, sb_754.1, sb_771.7, sb_775.2, sb_778.7, sb_782.2, sb_785.7, sb_789.3, sb_792.8, sb_796.3, sb_799.8, sb_803.3, sb_806.8, sb_810.3, sb_813.9, sb_817.4, sb_820.9, sb_824.4, sb_827.9, sb_831.4, sb_834.9, sb_838.5, sb_842.0, sb_845.5, sb_849.0, sb_852.5, sb_856.0, sb_859.5, sb_863.1, sb_866.6, sb_870.1, sb_873.6, sb_877.1, sb_880.6, sb_884.1, sb_887.7, sb_891.2, sb_894.7, sb_898.2, sb_901.7, sb_905.2, sb_908.7, sb_912.3, sb_915.8, sb_919.3, sb_922.8, sb_926.3, sb_965.0, sb_968.5, sb_972.0, sb_975.5, sb_979.0, sb_982.6, sb_986.1, sb_989.6, sb_993.1, sb_996.6, sb_1000.1",height_VNIR_bands_PCA_RandomForest_2025-09-30.joblib
2025-09-30,LiDAR+VNIR_bands_PCA,Ridge,0.5296597113257455,3.4919163965568267,96.70906034192757,"n_points, n_canopy, n_ground, pts_per_m2, canopy_pts_per_m2, H_mean, H25, H50, H75, H90, H95, H99, H999, H_max, H_sd, H_cv, H_skew, H_kurt, H_iqr, H_crr, H_topN_mean, Hall_mean, Hall_p95, Hall_p99, dens_1, dens_2, dens_3, dens_4, dens_5, dens_6, dens_7, dens_8, dens_9, dens_10, cover_5cm_of_sampled, cells_sampled_frac, Pgap, LAI_proxy, Pgap_below_020cm, Pgap_below_040cm, Pgap_below_060cm, Pgap_below_080cm, cover_2cm, ground_visible_2cm, ground_edge_frac, Pgap_interior, LAI_proxy_interior, cover_2cm_interior, ground_visible_2cm_interior, Pgap_interior_below_020cm, Pgap_interior_below_040cm, Pgap_interior_below_060cm, Pgap_interior_below_080cm, profile_area_m, vox_volume_m3, vox_volume_m3_per_m2, PVI_m, cth_p90, cth_p95, cth_p99, cth_max, cth_mean, cth_cover, tip_thin, roughness, rumple, I_canopy_mean, I_canopy_p50, I_canopy_p90, I_canopy_sd, I_ground_norm, I_canopy_x_cover, sb_469.4, sb_472.9, sb_476.5, sb_480.0, sb_483.5, sb_487.0, sb_490.5, sb_494.0, sb_497.5, sb_501.1, sb_504.6, sb_508.1, sb_511.6, sb_515.1, sb_518.6, sb_522.1, sb_525.7, sb_529.2, sb_532.7, sb_536.2, sb_539.7, sb_543.2, sb_546.8, sb_550.3, sb_553.8, sb_557.3, sb_560.8, sb_564.3, sb_567.8, sb_571.4, sb_574.9, sb_578.4, sb_581.9, sb_585.4, sb_588.9, sb_592.4, sb_596.0, sb_599.5, sb_603.0, sb_606.5, sb_610.0, sb_613.5, sb_617.0, sb_620.6, sb_624.1, sb_627.6, sb_631.1, sb_634.6, sb_638.1, sb_641.6, sb_645.2, sb_648.7, sb_652.2, sb_655.7, sb_659.2, sb_662.7, sb_666.2, sb_669.8, sb_673.3, sb_676.8, sb_680.3, sb_683.8, sb_687.3, sb_690.8, sb_694.4, sb_697.9, sb_701.4, sb_704.9, sb_708.4, sb_711.9, sb_715.4, sb_719.0, sb_722.5, sb_726.0, sb_729.5, sb_733.0, sb_736.5, sb_740.0, sb_743.6, sb_747.1, sb_750.6, sb_754.1, sb_771.7, sb_775.2, sb_778.7, sb_782.2, sb_785.7, sb_789.3, sb_792.8, sb_796.3, sb_799.8, sb_803.3, sb_806.8, sb_810.3, sb_813.9, sb_817.4, sb_820.9, sb_824.4, sb_827.9, sb_831.4, sb_834.9, sb_838.5, sb_842.0, sb_845.5, sb_849.0, sb_852.5, sb_856.0, sb_859.5, sb_863.1, sb_866.6, sb_870.1, sb_873.6, sb_877.1, sb_880.6, sb_884.1, sb_887.7, sb_891.2, sb_894.7, sb_898.2, sb_901.7, sb_905.2, sb_908.7, sb_912.3, sb_915.8, sb_919.3, sb_922.8, sb_926.3, sb_965.0, sb_968.5, sb_972.0, sb_975.5, sb_979.0, sb_982.6, sb_986.1, sb_989.6, sb_993.1, sb_996.6, sb_1000.1",height_LiDAR_VNIR_bands_PCA_Ridge_2025-09-30.joblib
2025-11-21,LiDAR_core,GPR,0.43072066297373257,3.841673544828539,96.45459148512869,"H95, cth_p99, canopy_pts_per_m2, H_sd, H_crr, tip_thin, H99, I_canopy_mean, I_canopy_p90, roughness",height_LiDAR_core_GPR_2025-11-21.joblib
2025-11-21,LiDAR_all,SVR_rbf,0.3564935749022301,4.084455702515457,96.32827034641504,"H90, cth_p99, dens_10, dens_9, cth_max, dens_5, cover_2cm, H_sd, tip_thin, Hall_p99",height_LiDAR_all_SVR_rbf_2025-11-21.joblib
2025-11-21,LiDAR+VNIR,GPR,0.5063156730112112,3.5775228517039883,96.72810572205331,"H95, cth_p99, refl_R, H_sd, spec_pc1, NDVI_nb_veg, refl_RE1, tip_thin, canopy_pts_per_m2, CIRE_veg",height_LiDAR_VNIR_GPR_2025-11-21.joblib
2025-11-21,LiDAR_PCA,GPR,0.3845199129846293,3.99452137870346,96.27508628723014,"n_points, n_canopy, n_ground, pts_per_m2, canopy_pts_per_m2, H_mean, H25, H50, H75, H90, H95, H99, H999, H_max, H_sd, H_cv, H_skew, H_kurt, H_iqr, H_crr, H_topN_mean, Hall_mean, Hall_p95, Hall_p99, dens_1, dens_2, dens_3, dens_4, dens_5, dens_6, dens_7, dens_8, dens_9, dens_10, cover_5cm_of_sampled, cells_sampled_frac, Pgap, LAI_proxy, Pgap_below_020cm, Pgap_below_040cm, Pgap_below_060cm, Pgap_below_080cm, cover_2cm, ground_visible_2cm, ground_edge_frac, Pgap_interior, LAI_proxy_interior, cover_2cm_interior, ground_visible_2cm_interior, Pgap_interior_below_020cm, Pgap_interior_below_040cm, Pgap_interior_below_060cm, Pgap_interior_below_080cm, profile_area_m, vox_volume_m3, vox_volume_m3_per_m2, PVI_m, cth_p90, cth_p95, cth_p99, cth_max, cth_mean, cth_cover, tip_thin, roughness, rumple, I_canopy_mean, I_canopy_p50, I_canopy_p90, I_canopy_sd, I_ground_norm, I_canopy_x_cover",height_LiDAR_PCA_GPR_2025-11-21.joblib
2025-11-21,LiDAR+VNIR_PCA,Ridge,0.5412006302644051,3.448809077224107,96.80913403867352,"n_points, n_canopy, n_ground, pts_per_m2, canopy_pts_per_m2, H_mean, H25, H50, H75, H90, H95, H99, H999, H_max, H_sd, H_cv, H_skew, H_kurt, H_iqr, H_crr, H_topN_mean, Hall_mean, Hall_p95, Hall_p99, dens_1, dens_2, dens_3, dens_4, dens_5, dens_6, dens_7, dens_8, dens_9, dens_10, cover_5cm_of_sampled, cells_sampled_frac, Pgap, LAI_proxy, Pgap_below_020cm, Pgap_below_040cm, Pgap_below_060cm, Pgap_below_080cm, cover_2cm, ground_visible_2cm, ground_edge_frac, Pgap_interior, LAI_proxy_interior, cover_2cm_interior, ground_visible_2cm_interior, Pgap_interior_below_020cm, Pgap_interior_below_040cm, Pgap_interior_below_060cm, Pgap_interior_below_080cm, profile_area_m, vox_volume_m3, vox_volume_m3_per_m2, PVI_m, cth_p90, cth_p95, cth_p99, cth_max, cth_mean, cth_cover, tip_thin, roughness, rumple, I_canopy_mean, I_canopy_p50, I_canopy_p90, I_canopy_sd, I_ground_norm, I_canopy_x_cover, fcover_vnir, valid_470_frac, valid_550_frac, valid_670_frac, NDVI_nb, NDVI_nb_sd, NDVI_nb_veg, NDVI_nb_veg_sd, NDRE740, NDRE740_sd, NDRE740_veg, NDRE740_veg_sd, NDRE720, NDRE720_sd, NDRE720_veg, NDRE720_veg_sd, NDREI, NDREI_sd, NDREI_veg, NDREI_veg_sd, REP, REP_sd, REP_veg, REP_veg_sd, S2REP, S2REP_sd, S2REP_veg, S2REP_veg_sd, LCI, LCI_sd, LCI_veg, LCI_veg_sd, MTCI, MTCI_sd, MTCI_veg, MTCI_veg_sd, CIRE, CIRE_sd, CIRE_veg, CIRE_veg_sd, CIre705, CIre705_sd, CIre705_veg, CIre705_veg_sd, VOG1, VOG1_sd, VOG1_veg, VOG1_veg_sd, OSAVI, OSAVI_sd, OSAVI_veg, OSAVI_veg_sd, SAVI, SAVI_sd, SAVI_veg, SAVI_veg_sd, GNDVI, GNDVI_sd, GNDVI_veg, GNDVI_veg_sd, kNDVI, kNDVI_sd, kNDVI_veg, kNDVI_veg_sd, NIRv, NIRv_sd, NIRv_veg, NIRv_veg_sd, WDRVI, WDRVI_sd, WDRVI_veg, WDRVI_veg_sd, MCARI, MCARI_sd, MCARI_veg, MCARI_veg_sd, TCARI, TCARI_sd, TCARI_veg, TCARI_veg_sd, TCARIOSAVI, TCARIOSAVI_sd, TCARIOSAVI_veg, TCARIOSAVI_veg_sd, PRI, PRI_sd, PRI_veg, PRI_veg_sd, WBI, WBI_sd, WBI_veg, WBI_veg_sd, NDWI970, NDWI970_sd, NDWI970_veg, NDWI970_veg_sd, SR705, SR705_sd, SR705_veg, SR705_veg_sd, ND705, ND705_sd, ND705_veg, ND705_veg_sd, GCC, GCC_sd, GCC_veg, GCC_veg_sd, CIG, CIG_sd, CIG_veg, CIG_veg_sd, RENDVI, RENDVI_sd, RENDVI_veg, RENDVI_veg_sd, PSRI, PSRI_sd, PSRI_veg, PSRI_veg_sd, refl_G, refl_R, refl_RE1, refl_RE2, refl_RE3, refl_N, refl_N2, red_edge_slope_max, red_edge_pos_deriv_nm, deriv_705, deriv_725, deriv_740, REP_guyot, red_depth, nir_plateau_slope, spec_pc1, spec_pc2, spec_pc3, spec_pc4, spec_pc5",height_LiDAR_VNIR_PCA_Ridge_2025-11-21.joblib
2025-11-21,LiDAR+VNIR_PCA_joint,Ridge,0.549437860463204,3.4177090963207446,96.82542903190105,"n_points, n_canopy, n_ground, pts_per_m2, canopy_pts_per_m2, H_mean, H25, H50, H75, H90, H95, H99, H999, H_max, H_sd, H_cv, H_skew, H_kurt, H_iqr, H_crr, H_topN_mean, Hall_mean, Hall_p95, Hall_p99, dens_1, dens_2, dens_3, dens_4, dens_5, dens_6, dens_7, dens_8, dens_9, dens_10, cover_5cm_of_sampled, cells_sampled_frac, Pgap, LAI_proxy, Pgap_below_020cm, Pgap_below_040cm, Pgap_below_060cm, Pgap_below_080cm, cover_2cm, ground_visible_2cm, ground_edge_frac, Pgap_interior, LAI_proxy_interior, cover_2cm_interior, ground_visible_2cm_interior, Pgap_interior_below_020cm, Pgap_interior_below_040cm, Pgap_interior_below_060cm, Pgap_interior_below_080cm, profile_area_m, vox_volume_m3, vox_volume_m3_per_m2, PVI_m, cth_p90, cth_p95, cth_p99, cth_max, cth_mean, cth_cover, tip_thin, roughness, rumple, I_canopy_mean, I_canopy_p50, I_canopy_p90, I_canopy_sd, I_ground_norm, I_canopy_x_cover, fcover_vnir, valid_470_frac, valid_550_frac, valid_670_frac, NDVI_nb, NDVI_nb_sd, NDVI_nb_veg, NDVI_nb_veg_sd, NDRE740, NDRE740_sd, NDRE740_veg, NDRE740_veg_sd, NDRE720, NDRE720_sd, NDRE720_veg, NDRE720_veg_sd, NDREI, NDREI_sd, NDREI_veg, NDREI_veg_sd, REP, REP_sd, REP_veg, REP_veg_sd, S2REP, S2REP_sd, S2REP_veg, S2REP_veg_sd, LCI, LCI_sd, LCI_veg, LCI_veg_sd, MTCI, MTCI_sd, MTCI_veg, MTCI_veg_sd, CIRE, CIRE_sd, CIRE_veg, CIRE_veg_sd, CIre705, CIre705_sd, CIre705_veg, CIre705_veg_sd, VOG1, VOG1_sd, VOG1_veg, VOG1_veg_sd, OSAVI, OSAVI_sd, OSAVI_veg, OSAVI_veg_sd, SAVI, SAVI_sd, SAVI_veg, SAVI_veg_sd, GNDVI, GNDVI_sd, GNDVI_veg, GNDVI_veg_sd, kNDVI, kNDVI_sd, kNDVI_veg, kNDVI_veg_sd, NIRv, NIRv_sd, NIRv_veg, NIRv_veg_sd, WDRVI, WDRVI_sd, WDRVI_veg, WDRVI_veg_sd, MCARI, MCARI_sd, MCARI_veg, MCARI_veg_sd, TCARI, TCARI_sd, TCARI_veg, TCARI_veg_sd, TCARIOSAVI, TCARIOSAVI_sd, TCARIOSAVI_veg, TCARIOSAVI_veg_sd, PRI, PRI_sd, PRI_veg, PRI_veg_sd, WBI, WBI_sd, WBI_veg, WBI_veg_sd, NDWI970, NDWI970_sd, NDWI970_veg, NDWI970_veg_sd, SR705, SR705_sd, SR705_veg, SR705_veg_sd, ND705, ND705_sd, ND705_veg, ND705_veg_sd, GCC, GCC_sd, GCC_veg, GCC_veg_sd, CIG, CIG_sd, CIG_veg, CIG_veg_sd, RENDVI, RENDVI_sd, RENDVI_veg, RENDVI_veg_sd, PSRI, PSRI_sd, PSRI_veg, PSRI_veg_sd, refl_G, refl_R, refl_RE1, refl_RE2, refl_RE3, refl_N, refl_N2, red_edge_slope_max, red_edge_pos_deriv_nm, deriv_705, deriv_725, deriv_740, REP_guyot, red_depth, nir_plateau_slope, spec_pc1, spec_pc2, spec_pc3, spec_pc4, spec_pc5",height_LiDAR_VNIR_PCA_joint_Ridge_2025-11-21.joblib
2025-11-21,VNIR_bands_PCA,Ridge,0.18299299748192188,4.602254552781821,95.86964835327987,"sb_469.4, sb_472.9, sb_476.5, sb_480.0, sb_483.5, sb_487.0, sb_490.5, sb_494.0, sb_497.5, sb_501.1, sb_504.6, sb_508.1, sb_511.6, sb_515.1, sb_518.6, sb_522.1, sb_525.7, sb_529.2, sb_532.7, sb_536.2, sb_539.7, sb_543.2, sb_546.8, sb_550.3, sb_553.8, sb_557.3, sb_560.8, sb_564.3, sb_567.8, sb_571.4, sb_574.9, sb_578.4, sb_581.9, sb_585.4, sb_588.9, sb_592.4, sb_596.0, sb_599.5, sb_603.0, sb_606.5, sb_610.0, sb_613.5, sb_617.0, sb_620.6, sb_624.1, sb_627.6, sb_631.1, sb_634.6, sb_638.1, sb_641.6, sb_645.2, sb_648.7, sb_652.2, sb_655.7, sb_659.2, sb_662.7, sb_666.2, sb_669.8, sb_673.3, sb_676.8, sb_680.3, sb_683.8, sb_687.3, sb_690.8, sb_694.4, sb_697.9, sb_701.4, sb_704.9, sb_708.4, sb_711.9, sb_715.4, sb_719.0, sb_722.5, sb_726.0, sb_729.5, sb_733.0, sb_736.5, sb_740.0, sb_743.6, sb_747.1, sb_750.6, sb_754.1, sb_771.7, sb_775.2, sb_778.7, sb_782.2, sb_785.7, sb_789.3, sb_792.8, sb_796.3, sb_799.8, sb_803.3, sb_806.8, sb_810.3, sb_813.9, sb_817.4, sb_820.9, sb_824.4, sb_827.9, sb_831.4, sb_834.9, sb_838.5, sb_842.0, sb_845.5, sb_849.0, sb_852.5, sb_856.0, sb_859.5, sb_863.1, sb_866.6, sb_870.1, sb_873.6, sb_877.1, sb_880.6, sb_884.1, sb_887.7, sb_891.2, sb_894.7, sb_898.2, sb_901.7, sb_905.2, sb_908.7, sb_912.3, sb_915.8, sb_919.3, sb_922.8, sb_926.3, sb_965.0, sb_968.5, sb_972.0, sb_975.5, sb_979.0, sb_982.6, sb_986.1, sb_989.6, sb_993.1, sb_996.6, sb_1000.1",height_VNIR_bands_PCA_Ridge_2025-11-21.joblib
2025-11-21,LiDAR+VNIR_bands_PCA,GPR,0.5015679479770796,3.5946840749479017,96.67516535223754,"n_points, n_canopy, n_ground, pts_per_m2, canopy_pts_per_m2, H_mean, H25, H50, H75, H90, H95, H99, H999, H_max, H_sd, H_cv, H_skew, H_kurt, H_iqr, H_crr, H_topN_mean, Hall_mean, Hall_p95, Hall_p99, dens_1, dens_2, dens_3, dens_4, dens_5, dens_6, dens_7, dens_8, dens_9, dens_10, cover_5cm_of_sampled, cells_sampled_frac, Pgap, LAI_proxy, Pgap_below_020cm, Pgap_below_040cm, Pgap_below_060cm, Pgap_below_080cm, cover_2cm, ground_visible_2cm, ground_edge_frac, Pgap_interior, LAI_proxy_interior, cover_2cm_interior, ground_visible_2cm_interior, Pgap_interior_below_020cm, Pgap_interior_below_040cm, Pgap_interior_below_060cm, Pgap_interior_below_080cm, profile_area_m, vox_volume_m3, vox_volume_m3_per_m2, PVI_m, cth_p90, cth_p95, cth_p99, cth_max, cth_mean, cth_cover, tip_thin, roughness, rumple, I_canopy_mean, I_canopy_p50, I_canopy_p90, I_canopy_sd, I_ground_norm, I_canopy_x_cover, sb_469.4, sb_472.9, sb_476.5, sb_480.0, sb_483.5, sb_487.0, sb_490.5, sb_494.0, sb_497.5, sb_501.1, sb_504.6, sb_508.1, sb_511.6, sb_515.1, sb_518.6, sb_522.1, sb_525.7, sb_529.2, sb_532.7, sb_536.2, sb_539.7, sb_543.2, sb_546.8, sb_550.3, sb_553.8, sb_557.3, sb_560.8, sb_564.3, sb_567.8, sb_571.4, sb_574.9, sb_578.4, sb_581.9, sb_585.4, sb_588.9, sb_592.4, sb_596.0, sb_599.5, sb_603.0, sb_606.5, sb_610.0, sb_613.5, sb_617.0, sb_620.6, sb_624.1, sb_627.6, sb_631.1, sb_634.6, sb_638.1, sb_641.6, sb_645.2, sb_648.7, sb_652.2, sb_655.7, sb_659.2, sb_662.7, sb_666.2, sb_669.8, sb_673.3, sb_676.8, sb_680.3, sb_683.8, sb_687.3, sb_690.8, sb_694.4, sb_697.9, sb_701.4, sb_704.9, sb_708.4, sb_711.9, sb_715.4, sb_719.0, sb_722.5, sb_726.0, sb_729.5, sb_733.0, sb_736.5, sb_740.0, sb_743.6, sb_747.1, sb_750.6, sb_754.1, sb_771.7, sb_775.2, sb_778.7, sb_782.2, sb_785.7, sb_789.3, sb_792.8, sb_796.3, sb_799.8, sb_803.3, sb_806.8, sb_810.3, sb_813.9, sb_817.4, sb_820.9, sb_824.4, sb_827.9, sb_831.4, sb_834.9, sb_838.5, sb_842.0, sb_845.5, sb_849.0, sb_852.5, sb_856.0, sb_859.5, sb_863.1, sb_866.6, sb_870.1, sb_873.6, sb_877.1, sb_880.6, sb_884.1, sb_887.7, sb_891.2, sb_894.7, sb_898.2, sb_901.7, sb_905.2, sb_908.7, sb_912.3, sb_915.8, sb_919.3, sb_922.8, sb_926.3, sb_965.0, sb_968.5, sb_972.0, sb_975.5, sb_979.0, sb_982.6, sb_986.1, sb_989.6, sb_993.1, sb_996.6, sb_1000.1",height_LiDAR_VNIR_bands_PCA_GPR_2025-11-21.joblib
