dataset,feature_set,best_learner,n_features,R2,RMSE,MAE,r,acc,n
muresk_anthesis,LiDAR_core,Ridge,32,0.3341399668011069,1556.614116928033,1234.2261697323001,0.578133813519061,85.92810602097137,128
muresk_anthesis,VNIR_core,Ridge,29,0.24869978929583025,1653.469719747028,1296.8120370315442,0.504441139209581,85.10702311457737,128
muresk_anthesis,Fused_core,Ridge,70,0.32024514569470364,1572.7715680006356,1222.0067914768997,0.5661779122362232,86.05654675955459,128
muresk_anthesis,Fused_all,Ridge,213,0.3405234271954646,1549.1346813867392,1211.62468558392,0.5837015668882027,86.3014390639162,128
muresk_anthesis,LiDAR_PCA,Ridge,73,0.3372480432828331,1552.976915077338,1231.2772730248964,0.5808660604194251,85.97867274736598,128
muresk_anthesis,VNIR_PCA,GPR,131,0.27935024218638604,1619.390596975329,1250.5952780745113,0.528856358735257,85.7238172065888,128
muresk_anthesis,Fused_PCA,GPR,204,0.36956046137083987,1514.6462430784675,1185.0422622144151,0.6081605946903972,86.59517163036728,128
muresk_anthesis,Fused_PCA_joint,GPR,204,0.3710805398960215,1512.81912834088,1184.0023298677067,0.6095014732161446,86.59960071457962,128
muresk_anthesis,VNIR_bands_PCA,SVR_rbf,138,0.112238680491627,1797.370460972663,1407.6934912977224,0.3378785949897786,83.72457472447898,128
muresk_anthesis,Fused_bands_PCA,Ridge,211,0.311790478799545,1582.5222652968057,1250.2069452497922,0.5585292542890686,85.82640774620148,128
muresk_maturity,LiDAR_core,Ridge,31,0.1927546976981318,1292.9187705203412,1049.1217231860717,0.4416632356975433,88.49528147010331,128
muresk_maturity,VNIR_core,ExtraTrees,29,0.0908986919717556,1376.2678250012814,1121.953640754555,0.3041381343772922,87.64631780175868,126
muresk_maturity,Fused_core,Ridge,69,0.2117725666499014,1281.511738143685,1030.0194596100025,0.46175885249804627,88.6551079207264,126
muresk_maturity,Fused_all,Ridge,220,0.20698048182301132,1285.4013562465886,1029.822068791582,0.45509621405250295,88.61602832308668,126
muresk_maturity,LiDAR_PCA,ExtraTrees,72,0.22355307797890234,1268.0149201517563,1009.8918894210071,0.47622046738438667,88.851271738982,128
muresk_maturity,VNIR_PCA,Ridge,139,0.13763692701713426,1340.423061983174,1097.8248452002442,0.37521192081041427,87.86736854721039,126
muresk_maturity,Fused_PCA,GPR,211,0.20235409351992073,1289.145348466709,1045.3950244846255,0.44993717873253264,88.46359154779466,126
muresk_maturity,Fused_PCA_joint,RandomForest,211,0.23547136024350568,1262.0997916915405,1009.1238632201032,0.4863186328651305,88.81649066987549,126
muresk_maturity,VNIR_bands_PCA,RandomForest,153,0.03588463871461378,1417.2984651900213,1130.6392868093599,0.21374592673395937,87.54765755535567,126
muresk_maturity,Fused_bands_PCA,LightGBM,225,0.26576857067767135,1236.839370286249,999.6583089149411,0.520408724530515,89.081155698134,126
agt_anthesis,LiDAR_core,Ridge,32,0.12637242751870537,1422.942965607975,1095.2975159729442,0.35763940484328455,87.77782231805256,252
agt_anthesis,VNIR_core,SVR_rbf,13,0.029634422665803295,1499.657272331685,1181.3739775740505,0.18129928897981404,86.81069836725938,252
agt_anthesis,Fused_core,Ridge,48,0.14425548994892734,1408.3039186106716,1090.9370759175456,0.3819814700483437,87.87204083429175,252
agt_anthesis,Fused_all,Ridge,144,0.1596207005872059,1395.6033394054643,1077.145447485772,0.3998938649386986,88.01241212665686,252
agt_anthesis,LiDAR_PCA,Ridge,77,0.13993221512280518,1411.8568566193017,1095.860841730689,0.3747709564971089,87.74930527887862,252
agt_anthesis,VNIR_PCA,Ridge,64,0.05539356375100912,1479.6185828942323,1159.832166283992,0.23699320495159826,87.07397686850007,252
agt_anthesis,Fused_PCA,Ridge,141,0.17007732446395163,1386.8935942842875,1069.7745859708054,0.41291492536595065,88.07726940142224,252
agt_anthesis,Fused_PCA_joint,Ridge,141,0.17357995133947413,1383.9638592441422,1068.812253476705,0.41717519554064914,88.09489214887357,252
agt_anthesis,VNIR_bands_PCA,Ridge,112,0.07152235372658122,1466.9322382821488,1151.6629257838706,0.2690655290134752,87.16404131061888,252
agt_anthesis,Fused_bands_PCA,Ridge,189,0.18492004880608903,1374.4357163044488,1068.6709650515936,0.43008996373023445,88.08829375431158,252
agt_maturity,LiDAR_core,Ridge,31,0.04638216114244709,1854.8228118656748,1466.5554719251827,0.21824635168267909,88.25555089857441,252
agt_maturity,LiDAR_PCA,Ridge,75,0.05472576867632284,1846.6906685713952,1460.1920813049749,0.23471269080725526,88.30825616507391,252
