wavelength_nm,common_95,common_100,excluded_range,usable_frac_2025-09-30,usable_frac_2025-11-21,usable_frac_2025-09-22
399.1,0,0,1,0.0,0.0,0.0
402.7,0,0,1,0.0,0.0,0.0
406.2,0,0,1,0.0,0.0,0.0
409.7,0,0,1,0.0,0.0,0.0
413.2,0,0,1,0.0,0.0,0.0
416.7,0,0,0,0.0,1.0,0.0
420.2,0,0,0,0.0,1.0,0.0
423.7,0,0,0,0.0,1.0,0.0
427.3,0,0,0,0.0,1.0,0.0
430.8,0,0,0,0.047,1.0,0.0
434.3,0,0,0,0.094,1.0,0.0
437.8,0,0,0,0.375,1.0,0.0
441.3,0,0,0,0.516,1.0,0.0
444.8,0,0,0,0.641,1.0,0.0
448.3,0,0,0,0.734,1.0,0.0
451.9,0,0,0,0.82,1.0,0.0
455.4,0,0,0,0.797,1.0,0.0
458.9,0,0,0,0.867,1.0,0.0
462.4,0,0,0,0.859,1.0,0.0
465.9,0,0,0,0.93,1.0,0.0
469.4,0,0,0,0.953,1.0,0.0
472.9,0,0,0,0.984,1.0,0.0
476.5,0,0,0,0.992,1.0,0.0
480.0,0,0,0,0.992,1.0,0.0
483.5,0,0,0,1.0,1.0,0.0
487.0,0,0,0,1.0,1.0,0.0
490.5,0,0,0,0.992,1.0,0.0
494.0,0,0,0,0.992,1.0,0.0
497.5,0,0,0,1.0,1.0,0.0
501.1,0,0,0,1.0,1.0,0.0
504.6,0,0,0,1.0,1.0,0.008
508.1,0,0,0,1.0,1.0,0.028
511.6,0,0,0,1.0,1.0,0.167
515.1,0,0,0,1.0,1.0,0.552
518.6,0,0,0,1.0,1.0,0.944
522.1,1,1,0,1.0,1.0,1.0
525.7,1,1,0,1.0,1.0,1.0
529.2,1,1,0,1.0,1.0,1.0
532.7,1,1,0,1.0,1.0,1.0
536.2,1,1,0,1.0,1.0,1.0
539.7,1,1,0,1.0,1.0,1.0
543.2,1,1,0,1.0,1.0,1.0
546.8,1,1,0,1.0,1.0,1.0
550.3,1,1,0,1.0,1.0,1.0
553.8,1,1,0,1.0,1.0,1.0
557.3,1,1,0,1.0,1.0,1.0
560.8,1,1,0,1.0,1.0,1.0
564.3,1,1,0,1.0,1.0,1.0
567.8,1,1,0,1.0,1.0,1.0
571.4,1,1,0,1.0,1.0,1.0
574.9,1,1,0,1.0,1.0,1.0
578.4,1,1,0,1.0,1.0,1.0
581.9,1,1,0,1.0,1.0,1.0
585.4,1,1,0,1.0,1.0,1.0
588.9,1,1,0,1.0,1.0,1.0
592.4,1,1,0,1.0,1.0,1.0
596.0,1,1,0,1.0,1.0,1.0
599.5,1,1,0,1.0,1.0,1.0
603.0,1,1,0,1.0,1.0,1.0
606.5,1,1,0,1.0,1.0,1.0
610.0,1,1,0,1.0,1.0,1.0
613.5,1,1,0,1.0,1.0,1.0
617.0,1,1,0,1.0,1.0,1.0
620.6,1,1,0,1.0,1.0,1.0
624.1,1,1,0,1.0,1.0,1.0
627.6,1,1,0,1.0,1.0,1.0
631.1,1,1,0,1.0,1.0,1.0
634.6,1,0,0,1.0,1.0,0.992
638.1,1,0,0,1.0,1.0,0.988
641.6,1,0,0,1.0,1.0,0.992
645.2,1,0,0,1.0,1.0,0.964
648.7,0,0,0,1.0,1.0,0.798
652.2,0,0,0,1.0,1.0,0.806
655.7,0,0,0,1.0,1.0,0.734
659.2,0,0,0,1.0,1.0,0.746
662.7,0,0,0,1.0,1.0,0.714
666.2,0,0,0,1.0,1.0,0.425
669.8,0,0,0,1.0,1.0,0.448
673.3,0,0,0,1.0,1.0,0.437
676.8,0,0,0,1.0,1.0,0.575
680.3,0,0,0,1.0,1.0,0.679
683.8,0,0,0,1.0,1.0,0.683
687.3,0,0,0,1.0,1.0,0.905
690.8,1,1,0,1.0,1.0,1.0
694.4,1,1,0,1.0,1.0,1.0
697.9,1,1,0,1.0,1.0,1.0
701.4,1,1,0,1.0,1.0,1.0
704.9,1,1,0,1.0,1.0,1.0
708.4,1,1,0,1.0,1.0,1.0
711.9,1,1,0,1.0,1.0,1.0
715.4,1,1,0,1.0,1.0,1.0
719.0,1,1,0,1.0,1.0,1.0
722.5,1,1,0,1.0,1.0,1.0
726.0,1,1,0,1.0,1.0,1.0
729.5,1,1,0,1.0,1.0,1.0
733.0,1,1,0,1.0,1.0,1.0
736.5,1,1,0,1.0,1.0,1.0
740.0,1,1,0,1.0,1.0,1.0
743.6,1,1,0,1.0,1.0,1.0
747.1,1,1,0,1.0,1.0,1.0
750.6,1,1,0,1.0,1.0,1.0
754.1,1,1,0,1.0,1.0,1.0
757.6,0,0,1,0.0,0.0,0.0
761.1,0,0,1,0.0,0.0,0.0
764.6,0,0,1,0.0,0.0,0.0
768.2,0,0,1,0.0,0.0,0.0
771.7,1,1,0,1.0,1.0,1.0
775.2,1,1,0,1.0,1.0,1.0
778.7,1,1,0,1.0,1.0,1.0
782.2,1,1,0,1.0,1.0,1.0
785.7,1,1,0,1.0,1.0,1.0
789.3,1,1,0,1.0,1.0,1.0
792.8,1,1,0,1.0,1.0,1.0
796.3,1,1,0,1.0,1.0,1.0
799.8,1,1,0,1.0,1.0,1.0
803.3,1,1,0,1.0,1.0,1.0
806.8,1,1,0,1.0,1.0,1.0
810.3,1,1,0,1.0,1.0,1.0
813.9,1,1,0,1.0,1.0,1.0
817.4,1,1,0,1.0,1.0,1.0
820.9,1,1,0,1.0,1.0,1.0
824.4,1,1,0,1.0,1.0,1.0
827.9,1,1,0,1.0,1.0,1.0
831.4,1,1,0,1.0,1.0,1.0
834.9,1,1,0,1.0,1.0,1.0
838.5,1,1,0,1.0,1.0,1.0
842.0,1,1,0,1.0,1.0,1.0
845.5,1,1,0,1.0,1.0,1.0
849.0,1,1,0,1.0,1.0,1.0
852.5,1,1,0,1.0,1.0,1.0
856.0,1,1,0,1.0,1.0,1.0
859.5,1,1,0,1.0,1.0,1.0
863.1,1,1,0,1.0,1.0,1.0
866.6,1,1,0,1.0,1.0,1.0
870.1,1,1,0,1.0,1.0,1.0
873.6,1,1,0,1.0,1.0,1.0
877.1,1,1,0,1.0,1.0,1.0
880.6,1,1,0,1.0,1.0,1.0
884.1,1,1,0,1.0,1.0,1.0
887.7,1,1,0,1.0,1.0,1.0
891.2,1,1,0,1.0,1.0,1.0
894.7,1,1,0,1.0,1.0,1.0
898.2,1,1,0,1.0,1.0,1.0
901.7,1,1,0,1.0,1.0,1.0
905.2,1,1,0,1.0,1.0,1.0
908.7,1,1,0,1.0,1.0,1.0
912.3,1,1,0,1.0,1.0,1.0
915.8,1,1,0,1.0,1.0,1.0
919.3,1,1,0,1.0,1.0,1.0
922.8,1,1,0,1.0,1.0,1.0
926.3,1,1,0,1.0,1.0,1.0
929.8,0,0,1,0.0,0.0,0.0
933.3,0,0,1,0.0,0.0,0.0
936.9,0,0,1,0.0,0.0,0.0
940.4,0,0,1,0.0,0.0,0.0
943.9,0,0,1,0.0,0.0,0.0
947.4,0,0,1,0.0,0.0,0.0
950.9,0,0,1,0.0,0.0,0.0
954.4,0,0,1,0.0,0.0,0.0
957.9,0,0,1,0.0,0.0,0.0
961.5,0,0,1,0.0,0.0,0.0
965.0,1,1,0,1.0,1.0,1.0
968.5,1,1,0,1.0,1.0,1.0
972.0,1,1,0,1.0,1.0,1.0
975.5,1,1,0,1.0,1.0,1.0
979.0,1,1,0,1.0,1.0,1.0
982.6,1,1,0,1.0,1.0,1.0
986.1,1,1,0,1.0,1.0,1.0
989.6,1,1,0,1.0,1.0,1.0
993.1,1,1,0,1.0,1.0,1.0
996.6,1,1,0,1.0,1.0,1.0
1000.1,1,1,0,1.0,1.0,1.0
